Application,ProcessID,SwapChainAddress,PresentRuntime,SyncInterval,PresentFlags,AllowsTearing,PresentMode,CPUStartTime,FrameTime,CPUBusy,CPUWait,GPULatency,GPUTime,GPUBusy,GPUWait,DisplayLatency,DisplayedTime,AnimationError,AnimationTime,MsFlipDelay,AllInputToPhotonLatency,ClickToPhotonLatency
Code.exe,14868,0x2E094ECB090,DXGI,0,0,0,Hardware Composed: Independent Flip,313.9378,3.8278,3.7957,0.0321,7.5316,1.8890,1.8890,0.0000,11.6445,4.1772,NA,313.9378,NA,NA,NA
Code.exe,14868,0x2E094ECB090,DXGI,0,0,0,Hardware Composed: Independent Flip,317.7656,4.0539,4.0315,0.0224,9.0420,0.1787,0.1787,0.0000,11.9939,4.1484,-0.3494,317.7656,NA,NA,NA
Code.exe,14868,0x2E094ECB090,DXGI,0,0,0,Hardware Composed: Independent Flip,321.8195,4.2228,4.1945,0.0283,7.9688,0.4452,0.4452,0.0000,12.0884,4.1661,-0.0945,321.8195,NA,NA,NA
Code.exe,14868,0x2E094ECB090,DXGI,0,0,0,Hardware Composed: Independent Flip,326.0423,4.1591,4.1332,0.0259,7.9289,0.4633,0.4633,0.0000,12.0317,4.1884,0.0567,326.0423,NA,NA,NA
Code.exe,14868,0x2E094ECB090,DXGI,0,0,0,Hardware Composed: Independent Flip,330.2014,4.0968,4.0720,0.0248,7.9100,0.4625,0.4625,0.0000,12.0610,4.1456,-0.0293,330.2014,NA,NA,NA
Code.exe,14868,0x2E094ECB090,DXGI,0,0,0,Hardware Composed: Independent Flip,334.2982,4.2087,4.1823,0.0264,8.0216,0.2262,0.2262,0.0000,12.1098,4.1859,-0.0488,334.2982,NA,NA,NA
Code.exe,14868,0x2E094ECB090,DXGI,0,0,0,Hardware Composed: Independent Flip,338.5069,4.4005,4.3692,0.0313,7.9438,0.4434,0.4434,0.0000,12.0870,4.1418,0.0228,338.5069,NA,NA,NA
Code.exe,14868,0x2E094ECB090,DXGI,0,0,0,Hardware Composed: Independent Flip,342.9074,3.9475,3.9246,0.0229,7.7325,0.4507,0.4507,0.0000,11.8283,4.1756,0.2587,342.9074,NA,NA,NA
Code.exe,14868,0x2E094ECB090,DXGI,0,0,0,Hardware Composed: Independent Flip,346.8549,4.1064,4.0833,0.0231,7.9137,0.4408,0.4408,0.0000,12.0564,4.1627,-0.2281,346.8549,NA,NA,NA
Code.exe,14868,0x2E094ECB090,DXGI,0,0,0,Hardware Composed: Independent Flip,350.9613,4.1763,4.1526,0.0237,7.9928,0.4397,0.4397,0.0000,12.1127,4.1722,-0.0563,350.9613,NA,NA,NA
Code.exe,14868,0x2E094ECB090,DXGI,0,0,0,Hardware Composed: Independent Flip,355.1376,4.1954,4.1685,0.0269,7.9818,0.4542,0.4542,0.0000,12.1086,4.1753,0.0041,355.1376,NA,NA,NA
Code.exe,14868,0x2E094ECB090,DXGI,0,0,0,Hardware Composed: Independent Flip,359.3330,4.2488,4.2277,0.0211,7.9593,0.4382,0.4382,0.0000,12.0885,4.1458,0.0201,359.3330,NA,NA,NA
Code.exe,14868,0x2E094ECB090,DXGI,0,0,0,Hardware Composed: Independent Flip,363.5818,4.1328,4.1110,0.0218,7.8787,0.4404,0.4404,0.0000,11.9855,4.1770,0.1030,363.5818,NA,NA,NA
Code.exe,14868,0x2E094ECB090,DXGI,0,0,0,Hardware Composed: Independent Flip,367.7146,4.5944,4.5667,0.0277,7.8908,0.4574,0.4574,0.0000,12.0297,4.1674,-0.0442,367.7146,NA,NA,NA
Code.exe,14868,0x2E094ECB090,DXGI,0,0,0,Hardware Composed: Independent Flip,372.3090,3.7422,3.7152,0.0270,7.4590,0.4503,0.4503,0.0000,11.6027,4.1594,0.4270,372.3090,NA,NA,NA
Code.exe,14868,0x2E094ECB090,DXGI,0,0,0,Hardware Composed: Independent Flip,376.0512,4.1760,4.1538,0.0222,7.8907,0.4537,0.4537,0.0000,12.0199,4.1536,-0.4172,376.0512,NA,NA,NA
Code.exe,14868,0x2E094ECB090,DXGI,0,0,0,Hardware Composed: Independent Flip,380.2272,4.1090,4.0888,0.0202,8.2687,0.1837,0.1837,0.0000,11.9975,4.1794,0.0224,380.2272,NA,NA,NA
Code.exe,14868,0x2E094ECB090,DXGI,0,0,0,Hardware Composed: Independent Flip,384.3362,4.2426,4.2153,0.0273,7.9111,0.4446,0.4446,0.0000,12.0679,4.1660,-0.0704,384.3362,NA,NA,NA
Code.exe,14868,0x2E094ECB090,DXGI,0,0,0,Hardware Composed: Independent Flip,388.5788,4.0059,3.9840,0.0219,7.8630,0.4518,0.4518,0.0000,11.9913,4.1661,0.0766,388.5788,NA,NA,NA
Code.exe,14868,0x2E094ECB090,DXGI,0,0,0,Hardware Composed: Independent Flip,392.5847,4.2441,4.2223,0.0218,8.0093,0.4511,0.4511,0.0000,12.1515,4.1723,-0.1602,392.5847,NA,NA,NA
Code.exe,14868,0x2E094ECB090,DXGI,0,0,0,Hardware Composed: Independent Flip,396.8288,4.2056,4.1770,0.0286,7.9490,0.3992,0.3992,0.0000,12.0797,4.1457,0.0718,396.8288,NA,NA,NA
Code.exe,14868,0x2E094ECB090,DXGI,0,0,0,Hardware Composed: Independent Flip,401.0344,4.1337,4.1083,0.0254,7.9174,0.4490,0.4490,0.0000,12.0198,4.1671,0.0599,401.0344,NA,NA,NA
Code.exe,14868,0x2E094ECB090,DXGI,0,0,0,Hardware Composed: Independent Flip,405.1681,4.2404,4.2103,0.0301,7.9169,0.4513,0.4513,0.0000,12.0532,4.1880,-0.0334,405.1681,NA,NA,NA
Code.exe,14868,0x2E094ECB090,DXGI,0,0,0,Hardware Composed: Independent Flip,409.4085,4.1047,4.0834,0.0213,7.8402,0.4442,0.4442,0.0000,12.0008,4.1423,0.0524,409.4085,NA,NA,NA
Code.exe,14868,0x2E094ECB090,DXGI,0,0,0,Hardware Composed: Independent Flip,413.5132,4.0690,4.0460,0.0230,7.9358,0.4271,0.4271,0.0000,12.0384,4.1815,-0.0376,413.5132,NA,NA,NA
Code.exe,14868,0x2E094ECB090,DXGI,0,0,0,Hardware Composed: Independent Flip,417.5822,4.2218,4.2000,0.0218,8.0070,0.4516,0.4516,0.0000,12.1509,4.1630,-0.1125,417.5822,NA,NA,NA
Code.exe,14868,0x2E094ECB090,DXGI,0,0,0,Hardware Composed: Independent Flip,421.8040,4.1785,4.1535,0.0250,7.9652,0.4607,0.4607,0.0000,12.0921,4.1595,0.0588,421.8040,NA,NA,NA
Code.exe,14868,0x2E094ECB090,DXGI,0,0,0,Hardware Composed: Independent Flip,425.9825,4.1562,4.1335,0.0227,9.1419,0.1803,0.1803,0.0000,12.0731,4.1616,0.0190,425.9825,NA,NA,NA
Code.exe,14868,0x2E094ECB090,DXGI,0,0,0,Hardware Composed: Independent Flip,430.1387,4.1757,4.1541,0.0216,7.9469,0.4402,0.4402,0.0000,12.0785,4.1785,-0.0054,430.1387,NA,NA,NA
Code.exe,14868,0x2E094ECB090,DXGI,0,0,0,Hardware Composed: Independent Flip,434.3144,4.1799,4.1505,0.0294,7.9394,0.4523,0.4523,0.0000,12.0813,4.1521,-0.0028,434.3144,NA,NA,NA
Code.exe,14868,0x2E094ECB090,DXGI,0,0,0,Hardware Composed: Independent Flip,438.4943,4.2207,4.1946,0.0261,7.9375,0.4350,0.4350,0.0000,12.0535,4.1622,0.0278,438.4943,NA,NA,NA
Code.exe,14868,0x2E094ECB090,DXGI,0,0,0,Hardware Composed: Independent Flip,442.7150,4.1267,4.1036,0.0231,7.8565,0.4498,0.4498,0.0000,11.9950,4.1746,0.0585,442.7150,NA,NA,NA
Code.exe,14868,0x2E094ECB090,DXGI,0,0,0,Hardware Composed: Independent Flip,446.8417,4.0957,4.0717,0.0240,7.8930,0.4005,0.4005,0.0000,12.0429,4.1758,-0.0479,446.8417,NA,NA,NA
Code.exe,14868,0x2E094ECB090,DXGI,0,0,0,Hardware Composed: Independent Flip,450.9374,4.1241,4.1011,0.0230,7.9816,0.4299,0.4299,0.0000,12.1230,4.1512,-0.0801,450.9374,NA,NA,NA
Code.exe,14868,0x2E094ECB090,DXGI,0,0,0,Hardware Composed: Independent Flip,455.0615,4.1629,4.1393,0.0236,8.0527,0.4736,0.4736,0.0000,12.1501,4.1762,-0.0271,455.0615,NA,NA,NA
Code.exe,14868,0x2E094ECB090,DXGI,0,0,0,Hardware Composed: Independent Flip,459.2244,4.3047,4.2793,0.0254,8.5310,0.1805,0.1805,0.0000,12.1634,4.1709,-0.0133,459.2244,NA,NA,NA
Code.exe,14868,0x2E094ECB090,DXGI,0,0,0,Hardware Composed: Independent Flip,463.5291,4.0484,4.0268,0.0216,7.8997,0.4703,0.4703,0.0000,12.0296,4.1616,0.1338,463.5291,NA,NA,NA
Code.exe,14868,0x2E094ECB090,DXGI,0,0,0,Hardware Composed: Independent Flip,467.5775,4.2310,4.2105,0.0205,8.0226,0.4417,0.4417,0.0000,12.1428,4.1587,-0.1132,467.5775,NA,NA,NA
Code.exe,14868,0x2E094ECB090,DXGI,0,0,0,Hardware Composed: Independent Flip,471.8085,4.2516,4.2281,0.0235,7.9570,0.4500,0.4500,0.0000,12.0705,4.1767,0.0723,471.8085,NA,NA,NA
Code.exe,14868,0x2E094ECB090,DXGI,0,0,0,Hardware Composed: Independent Flip,476.0601,4.1735,4.1485,0.0250,7.8715,0.4387,0.4387,0.0000,11.9956,4.1623,0.0749,476.0601,NA,NA,NA
Code.exe,14868,0x2E094ECB090,DXGI,0,0,0,Hardware Composed: Independent Flip,480.2336,4.1379,4.1130,0.0249,7.8559,0.4510,0.4510,0.0000,11.9844,4.1487,0.0112,480.2336,NA,NA,NA
Code.exe,14868,0x2E094ECB090,DXGI,0,0,0,Hardware Composed: Independent Flip,484.3715,4.1078,4.0834,0.0244,7.8754,0.4397,0.4397,0.0000,11.9952,4.1816,-0.0108,484.3715,NA,NA,NA
Code.exe,14868,0x2E094ECB090,DXGI,0,0,0,Hardware Composed: Independent Flip,488.4793,4.1938,4.1695,0.0243,7.9195,0.4462,0.4462,0.0000,12.0690,4.1653,-0.0738,488.4793,NA,NA,NA
Code.exe,14868,0x2E094ECB090,DXGI,0,0,0,Hardware Composed: Independent Flip,492.6731,4.2276,4.2042,0.0234,7.9182,0.4321,0.4321,0.0000,12.0405,4.1592,0.0285,492.6731,NA,NA,NA
Code.exe,14868,0x2E094ECB090,DXGI,0,0,0,Hardware Composed: Independent Flip,496.9007,4.0975,4.0737,0.0238,7.8563,0.4414,0.4414,0.0000,11.9721,4.1586,0.0684,496.9007,NA,NA,NA
Code.exe,14868,0x2E094ECB090,DXGI,0,0,0,Hardware Composed: Independent Flip,500.9982,4.1332,4.1118,0.0214,7.9161,0.4536,0.4536,0.0000,12.0332,4.1636,-0.0611,500.9982,NA,NA,NA
Code.exe,14868,0x2E094ECB090,DXGI,0,0,0,Hardware Composed: Independent Flip,505.1314,4.3034,4.2766,0.0268,8.5634,0.1813,0.1813,0.0000,12.0636,4.1840,-0.0304,505.1314,NA,NA,NA
Code.exe,14868,0x2E094ECB090,DXGI,0,0,0,Hardware Composed: Independent Flip,509.4348,4.0051,3.9811,0.0240,7.7990,0.4268,0.4268,0.0000,11.9442,4.1548,0.1194,509.4348,NA,NA,NA
Code.exe,14868,0x2E094ECB090,DXGI,0,0,0,Hardware Composed: Independent Flip,513.4399,4.1825,4.1593,0.0232,7.9664,0.4307,0.4307,0.0000,12.0939,4.1661,-0.1497,513.4399,NA,NA,NA
Code.exe,14868,0x2E094ECB090,DXGI,0,0,0,Hardware Composed: Independent Flip,517.6224,4.1375,4.1150,0.0225,7.9610,0.4453,0.4453,0.0000,12.0775,4.1745,0.0164,517.6224,NA,NA,NA
Code.exe,14868,0x2E094ECB090,DXGI,0,0,0,Hardware Composed: Independent Flip,521.7599,4.2787,4.2571,0.0216,7.9669,0.3977,0.3977,0.0000,12.1145,4.1627,-0.0370,521.7599,NA,NA,NA
Code.exe,14868,0x2E094ECB090,DXGI,0,0,0,Hardware Composed: Independent Flip,526.0386,4.1252,4.1001,0.0251,7.8829,0.4558,0.4558,0.0000,11.9985,4.1531,0.1160,526.0386,NA,NA,NA
Code.exe,14868,0x2E094ECB090,DXGI,0,0,0,Hardware Composed: Independent Flip,530.1638,4.2088,4.1850,0.0238,7.8973,0.4438,0.4438,0.0000,12.0264,4.1747,-0.0279,530.1638,NA,NA,NA
Code.exe,14868,0x2E094ECB090,DXGI,0,0,0,Hardware Composed: Independent Flip,534.3726,4.0558,4.0313,0.0245,7.8707,0.4424,0.4424,0.0000,11.9923,4.1685,0.0341,534.3726,NA,NA,NA
Code.exe,14868,0x2E094ECB090,DXGI,0,0,0,Hardware Composed: Independent Flip,538.4284,4.1977,4.1669,0.0308,7.9714,0.4085,0.4085,0.0000,12.1050,4.1696,-0.1127,538.4284,NA,NA,NA
Code.exe,14868,0x2E094ECB090,DXGI,0,0,0,Hardware Composed: Independent Flip,542.6261,4.3554,4.3216,0.0338,7.9921,0.5041,0.5041,0.0000,12.0769,4.1671,0.0281,542.6261,NA,NA,NA
Code.exe,14868,0x2E094ECB090,DXGI,0,0,0,Hardware Composed: Independent Flip,546.9815,4.1558,4.1164,0.0394,7.7680,0.4554,0.4554,0.0000,11.8886,4.1560,0.1883,546.9815,NA,NA,NA
Code.exe,14868,0x2E094ECB090,DXGI,0,0,0,Hardware Composed: Independent Flip,551.1373,4.1968,4.1535,0.0433,7.7692,0.4757,0.4757,0.0000,11.8888,4.1794,-0.0002,551.1373,NA,NA,NA
Code.exe,14868,0x2E094ECB090,DXGI,0,0,0,Hardware Composed: Independent Flip,555.3341,4.1728,4.1398,0.0330,7.7183,0.4431,0.4431,0.0000,11.8714,4.1557,0.0174,555.3341,NA,NA,NA
Code.exe,14868,0x2E094ECB090,DXGI,0,0,0,Hardware Composed: Independent Flip,559.5069,3.9758,3.9494,0.0264,7.7460,0.4395,0.4395,0.0000,11.8543,4.1855,0.0171,559.5069,NA,NA,NA
Code.exe,14868,0x2E094ECB090,DXGI,0,0,0,Hardware Composed: Independent Flip,563.4827,4.2914,4.2535,0.0379,7.9100,0.4545,0.4545,0.0000,12.0640,4.1493,-0.2097,563.4827,NA,NA,NA
Code.exe,14868,0x2E094ECB090,DXGI,0,0,0,Hardware Composed: Independent Flip,567.7741,4.2231,4.1851,0.0380,7.8860,0.4758,0.4758,0.0000,11.9219,4.1721,0.1421,567.7741,NA,NA,NA
Code.exe,14868,0x2E094ECB090,DXGI,0,0,0,Hardware Composed: Independent Flip,571.9972,4.3662,4.3271,0.0391,7.7275,0.4408,0.4408,0.0000,11.8709,4.1563,0.0510,571.9972,NA,NA,NA
Code.exe,14868,0x2E094ECB090,DXGI,0,0,0,Hardware Composed: Independent Flip,576.3634,4.0210,3.9918,0.0292,7.5378,0.4589,0.4589,0.0000,11.6610,4.1647,0.2099,576.3634,NA,NA,NA
Code.exe,14868,0x2E094ECB090,DXGI,0,0,0,Hardware Composed: Independent Flip,580.3844,4.0699,4.0329,0.0370,7.6705,0.4518,0.4518,0.0000,11.8047,4.1695,-0.1437,580.3844,NA,NA,NA
Code.exe,14868,0x2E094ECB090,DXGI,0,0,0,Hardware Composed: Independent Flip,584.4543,4.1485,4.1080,0.0405,7.7660,0.3675,0.3675,0.0000,11.9043,4.1619,-0.0996,584.4543,NA,NA,NA
Code.exe,14868,0x2E094ECB090,DXGI,0,0,0,Hardware Composed: Independent Flip,588.6028,4.3238,4.2761,0.0477,7.7890,0.4805,0.4805,0.0000,11.9177,4.1718,-0.0134,588.6028,NA,NA,NA
Code.exe,14868,0x2E094ECB090,DXGI,0,0,0,Hardware Composed: Independent Flip,592.9266,4.0561,4.0203,0.0358,7.6201,0.4813,0.4813,0.0000,11.7657,4.1708,0.1520,592.9266,NA,NA,NA
Code.exe,14868,0x2E094ECB090,DXGI,0,0,0,Hardware Composed: Independent Flip,596.9827,4.0216,3.9912,0.0304,7.7335,0.5097,0.5097,0.0000,11.8804,4.1578,-0.1147,596.9827,NA,NA,NA
Code.exe,14868,0x2E094ECB090,DXGI,0,0,0,Hardware Composed: Independent Flip,601.0043,4.2354,4.1999,0.0355,7.9019,0.4122,0.4122,0.0000,12.0166,4.1765,-0.1362,601.0043,NA,NA,NA
Code.exe,14868,0x2E094ECB090,DXGI,0,0,0,Hardware Composed: Independent Flip,605.2397,4.3742,4.3318,0.0424,7.8155,0.4474,0.4474,0.0000,11.9577,4.1483,0.0589,605.2397,NA,NA,NA
Code.exe,14868,0x2E094ECB090,DXGI,0,0,0,Hardware Composed: Independent Flip,609.6139,3.9504,3.9176,0.0328,7.6240,0.5665,0.5665,0.0000,11.7318,4.1680,0.2259,609.6139,NA,NA,NA
Code.exe,14868,0x2E094ECB090,DXGI,0,0,0,Hardware Composed: Independent Flip,613.5643,4.1497,4.1214,0.0283,8.8498,0.1850,0.1850,0.0000,11.9494,4.1828,-0.2176,613.5643,NA,NA,NA
Code.exe,14868,0x2E094ECB090,DXGI,0,0,0,Hardware Composed: Independent Flip,617.7140,4.2084,4.1795,0.0289,7.8259,0.4993,0.4993,0.0000,11.9825,4.1469,-0.0331,617.7140,NA,NA,NA
Code.exe,14868,0x2E094ECB090,DXGI,0,0,0,Hardware Composed: Independent Flip,621.9224,4.1772,4.1391,0.0381,7.8171,0.4768,0.4768,0.0000,11.9210,4.1697,0.0615,621.9224,NA,NA,NA
Code.exe,14868,0x2E094ECB090,DXGI,0,0,0,Hardware Composed: Independent Flip,626.0996,4.2123,4.1651,0.0472,7.7821,0.4609,0.4609,0.0000,11.9135,4.1752,0.0075,626.0996,NA,NA,NA
Code.exe,14868,0x2E094ECB090,DXGI,0,0,0,Hardware Composed: Independent Flip,630.3119,3.9967,3.9687,0.0280,8.1358,0.2152,0.2152,0.0000,11.8764,4.1707,0.0371,630.3119,NA,NA,NA
Code.exe,14868,0x2E094ECB090,DXGI,0,0,0,Hardware Composed: Independent Flip,634.3086,4.2554,4.2244,0.0310,7.9219,0.4501,0.4501,0.0000,12.0504,4.1584,-0.1740,634.3086,NA,NA,NA
Code.exe,14868,0x2E094ECB090,DXGI,0,0,0,Hardware Composed: Independent Flip,638.5640,7.4643,7.4318,0.0325,6.6504,2.7250,2.6540,0.0710,11.9534,4.1542,0.0970,638.5640,NA,NA,NA
Code.exe,14868,0x2E094ECB090,DXGI,0,0,0,Hardware Composed: Independent Flip,646.0283,0.7454,0.7215,0.0239,4.5298,0.5876,0.5876,0.0000,8.6433,4.1563,3.3101,646.0283,NA,NA,NA
Code.exe,14868,0x2E094ECB090,DXGI,0,0,0,Hardware Composed: Independent Flip,646.7737,4.4564,4.4106,0.0458,7.9218,0.3990,0.3990,0.0000,12.0542,4.1836,-3.4109,646.7737,NA,NA,NA
Code.exe,14868,0x2E094ECB090,DXGI,0,0,0,Hardware Composed: Independent Flip,651.2301,3.9413,3.9160,0.0253,7.6284,0.4802,0.4802,0.0000,11.7814,4.1457,0.2728,651.2301,NA,NA,NA
Code.exe,14868,0x2E094ECB090,DXGI,0,0,0,Hardware Composed: Independent Flip,655.1714,4.0401,4.0175,0.0226,7.8726,0.4411,0.4411,0.0000,11.9858,4.1678,-0.2044,655.1714,NA,NA,NA
Code.exe,14868,0x2E094ECB090,DXGI,0,0,0,Hardware Composed: Independent Flip,659.2115,4.3419,4.3153,0.0266,7.9780,0.4463,0.4463,0.0000,12.1135,4.1978,-0.1277,659.2115,NA,NA,NA
Code.exe,14868,0x2E094ECB090,DXGI,0,0,0,Hardware Composed: Independent Flip,663.5534,3.9460,3.9239,0.0221,7.8136,0.5095,0.5095,0.0000,11.9694,4.1425,0.1441,663.5534,NA,NA,NA
Code.exe,14868,0x2E094ECB090,DXGI,0,0,0,Hardware Composed: Independent Flip,667.4994,4.3067,4.2783,0.0284,8.0731,0.4557,0.4557,0.0000,12.1659,4.1602,-0.1965,667.4994,NA,NA,NA
Code.exe,14868,0x2E094ECB090,DXGI,0,0,0,Hardware Composed: Independent Flip,671.8061,4.2146,4.1829,0.0317,7.9075,0.4567,0.4567,0.0000,12.0194,4.1606,0.1465,671.8061,NA,NA,NA
Code.exe,14868,0x2E094ECB090,DXGI,0,0,0,Hardware Composed: Independent Flip,676.0207,4.1300,4.1069,0.0231,9.0452,0.1767,0.1767,0.0000,11.9654,4.1742,0.0540,676.0207,NA,NA,NA
Code.exe,14868,0x2E094ECB090,DXGI,0,0,0,Hardware Composed: Independent Flip,680.1507,4.0382,4.0165,0.0217,7.8599,0.4326,0.4326,0.0000,12.0096,4.1723,-0.0442,680.1507,NA,NA,NA
Code.exe,14868,0x2E094ECB090,DXGI,0,0,0,Hardware Composed: Independent Flip,684.1889,4.1443,4.1218,0.0225,7.9967,0.4317,0.4317,0.0000,12.1437,4.1587,-0.1341,684.1889,NA,NA,NA
Code.exe,14868,0x2E094ECB090,DXGI,0,0,0,Hardware Composed: Independent Flip,688.3332,4.2408,4.2160,0.0248,8.0462,0.4707,0.4707,0.0000,12.1581,4.1550,-0.0144,688.3332,NA,NA,NA
Code.exe,14868,0x2E094ECB090,DXGI,0,0,0,Hardware Composed: Independent Flip,692.5740,4.1425,4.1207,0.0218,7.9400,0.3707,0.3707,0.0000,12.0723,4.1811,0.0858,692.5740,NA,NA,NA
Code.exe,14868,0x2E094ECB090,DXGI,0,0,0,Hardware Composed: Independent Flip,696.7165,4.1747,4.1517,0.0230,7.9820,0.4454,0.4454,0.0000,12.1109,4.1678,-0.0386,696.7165,NA,NA,NA
Code.exe,14868,0x2E094ECB090,DXGI,0,0,0,Hardware Composed: Independent Flip,700.8912,4.1112,4.0850,0.0262,7.9770,0.4657,0.4657,0.0000,12.1040,4.1670,0.0069,700.8912,NA,NA,NA
Code.exe,14868,0x2E094ECB090,DXGI,0,0,0,Hardware Composed: Independent Flip,705.0024,4.2766,4.2476,0.0290,8.0397,0.4499,0.4499,0.0000,12.1598,4.1858,-0.0558,705.0024,NA,NA,NA
Code.exe,14868,0x2E094ECB090,DXGI,0,0,0,Hardware Composed: Independent Flip,709.2790,4.1109,4.0847,0.0262,7.9186,0.3970,0.3970,0.0000,12.0690,4.1473,0.0908,709.2790,NA,NA,NA
Code.exe,14868,0x2E094ECB090,DXGI,0,0,0,Hardware Composed: Independent Flip,713.3899,4.2011,4.1763,0.0248,8.0185,0.4501,0.4501,0.0000,12.1054,4.1431,-0.0364,713.3899,NA,NA,NA
Code.exe,14868,0x2E094ECB090,DXGI,0,0,0,Hardware Composed: Independent Flip,717.5910,4.2729,4.2499,0.0230,7.9283,0.4458,0.4458,0.0000,12.0474,4.1982,0.0580,717.5910,NA,NA,NA
Code.exe,14868,0x2E094ECB090,DXGI,0,0,0,Hardware Composed: Independent Flip,721.8639,4.0310,4.0078,0.0232,7.8072,0.4471,0.4471,0.0000,11.9727,4.1501,0.0747,721.8639,NA,NA,NA
Code.exe,14868,0x2E094ECB090,DXGI,0,0,0,Hardware Composed: Independent Flip,725.8949,4.3139,4.2895,0.0244,7.9815,0.4297,0.4297,0.0000,12.0918,4.1620,-0.1191,725.8949,NA,NA,NA
Code.exe,14868,0x2E094ECB090,DXGI,0,0,0,Hardware Composed: Independent Flip,730.2088,5.0457,5.0194,0.0263,7.8114,0.4372,0.4372,0.0000,11.9399,4.1591,0.1519,730.2088,NA,NA,NA
Code.exe,14868,0x2E094ECB090,DXGI,0,0,0,Hardware Composed: Independent Flip,735.2545,3.1413,3.1154,0.0259,6.9315,0.4343,0.4343,0.0000,11.0533,4.1774,0.8866,735.2545,NA,NA,NA
Code.exe,14868,0x2E094ECB090,DXGI,0,0,0,Hardware Composed: Independent Flip,738.3958,4.1926,4.1668,0.0258,7.9461,0.4423,0.4423,0.0000,12.0894,4.1673,-1.0361,738.3958,NA,NA,NA
Code.exe,14868,0x2E094ECB090,DXGI,0,0,0,Hardware Composed: Independent Flip,742.5884,4.1177,4.0930,0.0247,7.9329,0.4582,0.4582,0.0000,12.0641,4.1546,0.0253,742.5884,NA,NA,NA
Code.exe,14868,0x2E094ECB090,DXGI,0,0,0,Hardware Composed: Independent Flip,746.7061,4.2376,4.2135,0.0241,7.9865,0.4531,0.4531,0.0000,12.1010,4.1715,-0.0369,746.7061,NA,NA,NA
Code.exe,14868,0x2E094ECB090,DXGI,0,0,0,Hardware Composed: Independent Flip,750.9437,4.1155,4.0935,0.0220,7.8919,0.4398,0.4398,0.0000,12.0349,4.1748,0.0661,750.9437,NA,NA,NA
Code.exe,14868,0x2E094ECB090,DXGI,0,0,0,Hardware Composed: Independent Flip,755.0592,4.1467,4.1243,0.0224,9.1628,0.1829,0.1829,0.0000,12.0942,4.1605,-0.0593,755.0592,NA,NA,NA
Code.exe,14868,0x2E094ECB090,DXGI,0,0,0,Hardware Composed: Independent Flip,759.2059,4.2980,4.2678,0.0302,7.9970,0.4599,0.4599,0.0000,12.1080,4.1530,-0.0138,759.2059,NA,NA,NA
Code.exe,14868,0x2E094ECB090,DXGI,0,0,0,Hardware Composed: Independent Flip,763.5039,4.1794,4.1521,0.0273,7.8462,0.4496,0.4496,0.0000,11.9630,4.1757,0.1450,763.5039,NA,NA,NA
Code.exe,14868,0x2E094ECB090,DXGI,0,0,0,Hardware Composed: Independent Flip,767.6833,4.0236,4.0001,0.0235,7.8298,0.4594,0.4594,0.0000,11.9593,4.1865,0.0037,767.6833,NA,NA,NA
Code.exe,14868,0x2E094ECB090,DXGI,0,0,0,Hardware Composed: Independent Flip,771.7069,4.2626,4.2356,0.0270,8.0014,0.4197,0.4197,0.0000,12.1222,4.1509,-0.1629,771.7069,NA,NA,NA
Code.exe,14868,0x2E094ECB090,DXGI,0,0,0,Hardware Composed: Independent Flip,775.9695,4.2409,4.1921,0.0488,7.9172,0.4709,0.4709,0.0000,12.0105,4.1501,0.1117,775.9695,NA,NA,NA
Code.exe,14868,0x2E094ECB090,DXGI,0,0,0,Hardware Composed: Independent Flip,780.2104,4.1535,4.1308,0.0227,7.8040,0.4290,0.4290,0.0000,11.9197,4.1605,0.0908,780.2104,NA,NA,NA
Code.exe,14868,0x2E094ECB090,DXGI,0,0,0,Hardware Composed: Independent Flip,784.3639,4.0324,4.0102,0.0222,7.7963,0.4351,0.4351,0.0000,11.9267,4.1671,-0.0070,784.3639,NA,NA,NA
Code.exe,14868,0x2E094ECB090,DXGI,0,0,0,Hardware Composed: Independent Flip,788.3963,4.1112,4.0878,0.0234,7.9430,0.4217,0.4217,0.0000,12.0614,4.1790,-0.1347,788.3963,NA,NA,NA
Code.exe,14868,0x2E094ECB090,DXGI,0,0,0,Hardware Composed: Independent Flip,792.5075,4.1936,4.1687,0.0249,8.0127,0.4583,0.4583,0.0000,12.1292,4.1741,-0.0678,792.5075,NA,NA,NA
Code.exe,14868,0x2E094ECB090,DXGI,0,0,0,Hardware Composed: Independent Flip,796.7011,4.1620,4.1411,0.0209,7.9833,0.4631,0.4631,0.0000,12.1097,4.1470,0.0195,796.7011,NA,NA,NA
Code.exe,14868,0x2E094ECB090,DXGI,0,0,0,Hardware Composed: Independent Flip,800.8631,4.1833,4.1609,0.0224,9.3079,0.1845,0.1845,0.0000,12.0947,4.1749,0.0150,800.8631,NA,NA,NA
Code.exe,14868,0x2E094ECB090,DXGI,0,0,0,Hardware Composed: Independent Flip,805.0464,4.4222,4.3878,0.0344,7.9556,0.4363,0.4363,0.0000,12.0863,4.1691,0.0084,805.0464,NA,NA,NA
Code.exe,14868,0x2E094ECB090,DXGI,0,0,0,Hardware Composed: Independent Flip,809.4686,4.0274,3.9962,0.0312,7.6913,0.4531,0.4531,0.0000,11.8332,4.1990,0.2531,809.4686,NA,NA,NA
Code.exe,14868,0x2E094ECB090,DXGI,0,0,0,Hardware Composed: Independent Flip,813.4960,4.1102,4.0839,0.0263,7.8304,0.4357,0.4357,0.0000,12.0048,4.1362,-0.1716,813.4960,NA,NA,NA
Code.exe,14868,0x2E094ECB090,DXGI,0,0,0,Hardware Composed: Independent Flip,817.6062,4.0920,4.0652,0.0268,7.9387,0.2202,0.2202,0.0000,12.0308,4.1797,-0.0260,817.6062,NA,NA,NA
Code.exe,14868,0x2E094ECB090,DXGI,0,0,0,Hardware Composed: Independent Flip,821.6982,4.3505,4.3212,0.0293,8.0103,0.4419,0.4419,0.0000,12.1185,4.1385,-0.0877,821.6982,NA,NA,NA
Code.exe,14868,0x2E094ECB090,DXGI,0,0,0,Hardware Composed: Independent Flip,826.0487,4.0377,4.0105,0.0272,7.8144,0.4704,0.4704,0.0000,11.9065,4.1731,0.2120,826.0487,NA,NA,NA
Code.exe,14868,0x2E094ECB090,DXGI,0,0,0,Hardware Composed: Independent Flip,830.0864,4.1583,4.1328,0.0255,7.8992,0.4626,0.4626,0.0000,12.0419,4.1665,-0.1354,830.0864,NA,NA,NA
Code.exe,14868,0x2E094ECB090,DXGI,0,0,0,Hardware Composed: Independent Flip,834.2447,4.3917,4.3502,0.0415,7.9221,0.4268,0.4268,0.0000,12.0501,4.1568,-0.0082,834.2447,NA,NA,NA
Code.exe,14868,0x2E094ECB090,DXGI,0,0,0,Hardware Composed: Independent Flip,838.6364,4.1221,4.0927,0.0294,7.6907,0.4343,0.4343,0.0000,11.8152,4.1810,0.2349,838.6364,NA,NA,NA
Code.exe,14868,0x2E094ECB090,DXGI,0,0,0,Hardware Composed: Independent Flip,842.7585,4.0159,3.9919,0.0240,7.7245,0.4439,0.4439,0.0000,11.8741,8.3316,-0.0589,842.7585,NA,NA,NA
Code.exe,14868,0x2E094ECB090,DXGI,0,0,0,Hardware Composed: Independent Flip,846.7744,9.0530,9.0241,0.0289,7.7530,5.7969,4.7913,1.0056,16.1898,4.1601,-4.3157,846.7744,NA,NA,NA
Code.exe,14868,0x2E094ECB090,DXGI,0,0,0,Hardware Composed: Independent Flip,855.8274,0.1986,0.1755,0.0231,7.1832,1.6367,1.6367,0.0000,11.2969,4.1584,4.8929,855.8274,NA,NA,NA
Code.exe,14868,0x2E094ECB090,DXGI,0,0,0,Hardware Composed: Independent Flip,856.0260,3.3349,3.3095,0.0254,11.1566,0.4495,0.4495,0.0000,15.2567,4.1803,-3.9598,856.0260,NA,NA,NA
Code.exe,14868,0x2E094ECB090,DXGI,0,0,0,Hardware Composed: Independent Flip,859.3609,4.0530,4.0294,0.0236,12.7625,0.1927,0.1927,0.0000,16.1021,4.1670,-0.8454,859.3609,NA,NA,NA
Code.exe,14868,0x2E094ECB090,DXGI,0,0,0,Hardware Composed: Independent Flip,863.4139,4.3154,4.2852,0.0302,12.1003,0.4451,0.4451,0.0000,16.2161,4.1585,-0.1140,863.4139,NA,NA,NA
Code.exe,14868,0x2E094ECB090,DXGI,0,0,0,Hardware Composed: Independent Flip,867.7293,4.2115,4.1750,0.0365,11.9353,0.4405,0.4405,0.0000,16.0592,4.1572,0.1569,867.7293,NA,NA,NA
Code.exe,14868,0x2E094ECB090,DXGI,0,0,0,Hardware Composed: Independent Flip,871.9408,4.0217,3.9895,0.0322,11.8952,0.4562,0.4562,0.0000,16.0049,4.1725,0.0543,871.9408,NA,NA,NA
Code.exe,14868,0x2E094ECB090,DXGI,0,0,0,Hardware Composed: Independent Flip,875.9625,4.1954,4.1692,0.0262,12.0047,0.3999,0.3999,0.0000,16.1557,4.1632,-0.1508,875.9625,NA,NA,NA
Code.exe,14868,0x2E094ECB090,DXGI,0,0,0,Hardware Composed: Independent Flip,880.1579,4.0198,3.9872,0.0326,11.9827,0.4744,0.4744,0.0000,16.1235,4.1632,0.0322,880.1579,NA,NA,NA
Code.exe,14868,0x2E094ECB090,DXGI,0,0,0,Hardware Composed: Independent Flip,884.1777,4.1741,4.1515,0.0226,12.1387,0.4333,0.4333,0.0000,16.2669,4.1578,-0.1434,884.1777,NA,NA,NA
Code.exe,14868,0x2E094ECB090,DXGI,0,0,0,Hardware Composed: Independent Flip,888.3518,4.2871,4.2632,0.0239,12.1457,0.4454,0.4454,0.0000,16.2506,4.1661,0.0163,888.3518,NA,NA,NA
Code.exe,14868,0x2E094ECB090,DXGI,0,0,0,Hardware Composed: Independent Flip,892.6389,4.0662,4.0406,0.0256,11.9940,0.4194,0.4194,0.0000,16.1296,4.1819,0.1210,892.6389,NA,NA,NA
Code.exe,14868,0x2E094ECB090,DXGI,0,0,0,Hardware Composed: Independent Flip,896.7051,4.3810,4.3542,0.0268,12.1092,0.4553,0.4553,0.0000,16.2453,4.1459,-0.1157,896.7051,NA,NA,NA
Code.exe,14868,0x2E094ECB090,DXGI,0,0,0,Hardware Composed: Independent Flip,901.0861,3.9372,3.9138,0.0234,11.9038,0.4410,0.4410,0.0000,16.0102,4.1652,0.2351,901.0861,NA,NA,NA
Code.exe,14868,0x2E094ECB090,DXGI,0,0,0,Hardware Composed: Independent Flip,905.0233,4.2162,4.1864,0.0298,12.1061,0.4424,0.4424,0.0000,16.2382,4.1761,-0.2280,905.0233,NA,NA,NA
Code.exe,14868,0x2E094ECB090,DXGI,0,0,0,Hardware Composed: Independent Flip,909.2395,4.1026,4.0797,0.0229,12.0509,0.4605,0.4605,0.0000,16.1981,4.1719,0.0401,909.2395,NA,NA,NA
Code.exe,14868,0x2E094ECB090,DXGI,0,0,0,Hardware Composed: Independent Flip,913.3421,4.1767,4.1536,0.0231,12.1277,0.4666,0.4666,0.0000,16.2674,4.1598,-0.0693,913.3421,NA,NA,NA
Code.exe,14868,0x2E094ECB090,DXGI,0,0,0,Hardware Composed: Independent Flip,917.5188,4.1399,4.1146,0.0253,12.1203,0.4495,0.4495,0.0000,16.2505,4.1649,0.0169,917.5188,NA,NA,NA
Code.exe,14868,0x2E094ECB090,DXGI,0,0,0,Hardware Composed: Independent Flip,921.6587,4.1548,4.1321,0.0227,13.4136,0.1736,0.1736,0.0000,16.2755,4.1683,-0.0250,921.6587,NA,NA,NA
Code.exe,14868,0x2E094ECB090,DXGI,0,0,0,Hardware Composed: Independent Flip,925.8135,4.3044,4.2815,0.0229,12.1583,0.4518,0.4518,0.0000,16.2890,4.1852,-0.0135,925.8135,NA,NA,NA
Code.exe,14868,0x2E094ECB090,DXGI,0,0,0,Hardware Composed: Independent Flip,930.1179,4.1821,4.1493,0.0328,12.0209,0.4492,0.4492,0.0000,16.1698,4.1402,0.1192,930.1179,NA,NA,NA
Code.exe,14868,0x2E094ECB090,DXGI,0,0,0,Hardware Composed: Independent Flip,934.3000,4.0868,4.0575,0.0293,12.0178,0.4493,0.4493,0.0000,16.1279,4.1713,0.0419,934.3000,NA,NA,NA
Code.exe,14868,0x2E094ECB090,DXGI,0,0,0,Hardware Composed: Independent Flip,938.3868,4.4128,4.3745,0.0383,12.0722,0.3835,0.3835,0.0000,16.2124,4.1803,-0.0845,938.3868,NA,NA,NA
Code.exe,14868,0x2E094ECB090,DXGI,0,0,0,Hardware Composed: Independent Flip,942.7996,3.9222,3.8921,0.0301,11.8236,0.4456,0.4456,0.0000,15.9799,4.1621,0.2325,942.7996,NA,NA,NA
Code.exe,14868,0x2E094ECB090,DXGI,0,0,0,Hardware Composed: Independent Flip,946.7218,4.2824,4.2443,0.0381,12.0895,0.4861,0.4861,0.0000,16.2198,4.1628,-0.2399,946.7218,NA,NA,NA
Code.exe,14868,0x2E094ECB090,DXGI,0,0,0,Hardware Composed: Independent Flip,951.0042,4.0262,4.0015,0.0247,11.9664,0.4498,0.4498,0.0000,16.1002,4.1435,0.1196,951.0042,NA,NA,NA
Code.exe,14868,0x2E094ECB090,DXGI,0,0,0,Hardware Composed: Independent Flip,955.0304,4.1469,4.1221,0.0248,12.1101,0.4027,0.4027,0.0000,16.2175,4.1897,-0.1173,955.0304,NA,NA,NA
Code.exe,14868,0x2E094ECB090,DXGI,0,0,0,Hardware Composed: Independent Flip,959.1773,4.3041,4.2768,0.0273,12.1141,0.4470,0.4470,0.0000,16.2603,4.1508,-0.0428,959.1773,NA,NA,NA
Code.exe,14868,0x2E094ECB090,DXGI,0,0,0,Hardware Composed: Independent Flip,963.4814,4.0585,4.0367,0.0218,11.9968,0.4608,0.4608,0.0000,16.1070,4.1736,0.1533,963.4814,NA,NA,NA
Code.exe,14868,0x2E094ECB090,DXGI,0,0,0,Hardware Composed: Independent Flip,967.5399,4.1793,4.1473,0.0320,12.0832,0.4541,0.4541,0.0000,16.2221,4.1622,-0.1151,967.5399,NA,NA,NA
Code.exe,14868,0x2E094ECB090,DXGI,0,0,0,Hardware Composed: Independent Flip,971.7192,4.2209,4.1876,0.0333,12.0972,0.4276,0.4276,0.0000,16.2050,4.1498,0.0171,971.7192,NA,NA,NA
Code.exe,14868,0x2E094ECB090,DXGI,0,0,0,Hardware Composed: Independent Flip,975.9401,4.0869,4.0637,0.0232,12.0413,0.4561,0.4561,0.0000,16.1339,4.1760,0.0711,975.9401,NA,NA,NA
Code.exe,14868,0x2E094ECB090,DXGI,0,0,0,Hardware Composed: Independent Flip,980.0270,4.1868,4.1643,0.0225,12.0762,0.4489,0.4489,0.0000,16.2230,4.1712,-0.0891,980.0270,NA,NA,NA
Code.exe,14868,0x2E094ECB090,DXGI,0,0,0,Hardware Composed: Independent Flip,984.2138,4.1198,4.0974,0.0224,12.5753,0.1771,0.1771,0.0000,16.2074,4.1661,0.0156,984.2138,NA,NA,NA
Code.exe,14868,0x2E094ECB090,DXGI,0,0,0,Hardware Composed: Independent Flip,988.3336,4.1207,4.0990,0.0217,12.1353,0.4616,0.4616,0.0000,16.2537,4.1755,-0.0463,988.3336,NA,NA,NA
Code.exe,14868,0x2E094ECB090,DXGI,0,0,0,Hardware Composed: Independent Flip,992.4543,4.1547,4.1308,0.0239,12.1692,0.4495,0.4495,0.0000,16.3085,4.1426,-0.0548,992.4543,NA,NA,NA
Code.exe,14868,0x2E094ECB090,DXGI,0,0,0,Hardware Composed: Independent Flip,996.6090,4.1566,4.1361,0.0205,12.1909,0.4454,0.4454,0.0000,16.2964,4.1856,0.0121,996.6090,NA,NA,NA
Code.exe,14868,0x2E094ECB090,DXGI,0,0,0,Hardware Composed: Independent Flip,1000.7656,4.2344,4.2134,0.0210,12.1735,0.4036,0.4036,0.0000,16.3254,4.1497,-0.0290,1000.7656,NA,NA,NA
Code.exe,14868,0x2E094ECB090,DXGI,0,0,0,Hardware Composed: Independent Flip,1005.0000,5.6039,5.5726,0.0313,8.3427,4.4382,0.9131,3.5251,16.2407,4.1646,0.0847,1005.0000,NA,NA,NA
Code.exe,14868,0x2E094ECB090,DXGI,0,0,0,Hardware Composed: Independent Flip,1010.6039,2.6978,2.6678,0.0300,10.6936,0.5638,0.5638,0.0000,14.8014,4.1795,1.4393,1010.6039,NA,NA,NA
Code.exe,14868,0x2E094ECB090,DXGI,0,0,0,Hardware Composed: Independent Flip,1013.3017,4.2812,4.2583,0.0229,12.1397,0.4407,0.4407,0.0000,16.2831,4.1628,-1.4817,1013.3017,NA,NA,NA
Code.exe,14868,0x2E094ECB090,DXGI,0,0,0,Hardware Composed: Independent Flip,1017.5829,4.1270,4.1048,0.0222,12.0345,0.4261,0.4261,0.0000,16.1647,4.1618,0.1184,1017.5829,NA,NA,NA
Code.exe,14868,0x2E094ECB090,DXGI,0,0,0,Hardware Composed: Independent Flip,1021.7099,4.0712,4.0501,0.0211,12.0687,0.4371,0.4371,0.0000,16.1995,4.1620,-0.0348,1021.7099,NA,NA,NA
Code.exe,14868,0x2E094ECB090,DXGI,0,0,0,Hardware Composed: Independent Flip,1025.7811,4.2085,4.1827,0.0258,12.1776,0.4513,0.4513,0.0000,16.2903,4.1745,-0.0908,1025.7811,NA,NA,NA
Code.exe,14868,0x2E094ECB090,DXGI,0,0,0,Hardware Composed: Independent Flip,1029.9896,4.1636,4.1404,0.0232,12.1056,0.4431,0.4431,0.0000,16.2563,4.1626,0.0340,1029.9896,NA,NA,NA
Code.exe,14868,0x2E094ECB090,DXGI,0,0,0,Hardware Composed: Independent Flip,1034.1532,4.1795,4.1542,0.0253,12.1212,0.4304,0.4304,0.0000,16.2553,4.1674,0.0010,1034.1532,NA,NA,NA
Code.exe,14868,0x2E094ECB090,DXGI,0,0,0,Hardware Composed: Independent Flip,1038.3327,4.1995,4.1750,0.0245,12.1095,0.4366,0.4366,0.0000,16.2432,4.1606,0.0121,1038.3327,NA,NA,NA
Code.exe,14868,0x2E094ECB090,DXGI,0,0,0,Hardware Composed: Independent Flip,1042.5322,4.1032,4.0778,0.0254,12.0806,0.4401,0.4401,0.0000,16.2043,4.1658,0.0389,1042.5322,NA,NA,NA
Code.exe,14868,0x2E094ECB090,DXGI,0,0,0,Hardware Composed: Independent Flip,1046.6354,4.2723,4.2499,0.0224,12.8315,0.1766,0.1766,0.0000,16.2669,4.1719,-0.0626,1046.6354,NA,NA,NA
Code.exe,14868,0x2E094ECB090,DXGI,0,0,0,Hardware Composed: Independent Flip,1050.9077,4.1038,4.0861,0.0177,12.0236,0.4337,0.4337,0.0000,16.1665,4.1584,0.1004,1050.9077,NA,NA,NA
Code.exe,14868,0x2E094ECB090,DXGI,0,0,0,Hardware Composed: Independent Flip,1055.0115,4.1028,4.0790,0.0238,12.1305,0.4857,0.4857,0.0000,16.2211,4.1652,-0.0546,1055.0115,NA,NA,NA
Code.exe,14868,0x2E094ECB090,DXGI,0,0,0,Hardware Composed: Independent Flip,1059.1143,4.1983,4.1739,0.0244,12.1768,0.4463,0.4463,0.0000,16.2835,4.1720,-0.0624,1059.1143,NA,NA,NA
Code.exe,14868,0x2E094ECB090,DXGI,0,0,0,Hardware Composed: Independent Flip,1063.3126,4.2577,4.2351,0.0226,12.1321,0.4063,0.4063,0.0000,16.2572,4.1657,0.0263,1063.3126,NA,NA,NA
Code.exe,14868,0x2E094ECB090,DXGI,0,0,0,Hardware Composed: Independent Flip,1067.5703,4.0673,4.0449,0.0224,12.0439,0.4596,0.4596,0.0000,16.1652,4.1709,0.0920,1067.5703,NA,NA,NA
Code.exe,14868,0x2E094ECB090,DXGI,0,0,0,Hardware Composed: Independent Flip,1071.6376,4.2507,4.2230,0.0277,12.1468,0.4589,0.4589,0.0000,16.2688,4.1524,-0.1036,1071.6376,NA,NA,NA
Code.exe,14868,0x2E094ECB090,DXGI,0,0,0,Hardware Composed: Independent Flip,1075.8883,4.3337,4.3104,0.0233,12.0913,0.4531,0.4531,0.0000,16.1705,4.1655,0.0983,1075.8883,NA,NA,NA
Code.exe,14868,0x2E094ECB090,DXGI,0,0,0,Hardware Composed: Independent Flip,1080.2220,4.0959,4.0709,0.0250,11.8646,0.4250,0.4250,0.0000,16.0023,4.1622,0.1682,1080.2220,NA,NA,NA
Code.exe,14868,0x2E094ECB090,DXGI,0,0,0,Hardware Composed: Independent Flip,1084.3179,4.2465,4.2232,0.0233,11.9543,0.4377,0.4377,0.0000,16.0686,4.1652,-0.0663,1084.3179,NA,NA,NA
Code.exe,14868,0x2E094ECB090,DXGI,0,0,0,Hardware Composed: Independent Flip,1088.5644,4.0085,3.9831,0.0254,11.8801,0.4697,0.4697,0.0000,15.9873,4.1647,0.0813,1088.5644,NA,NA,NA
Code.exe,14868,0x2E094ECB090,DXGI,0,0,0,Hardware Composed: Independent Flip,1092.5729,4.1407,4.1180,0.0227,12.0011,0.4306,0.4306,0.0000,16.1435,4.1819,-0.1562,1092.5729,NA,NA,NA
Code.exe,14868,0x2E094ECB090,DXGI,0,0,0,Hardware Composed: Independent Flip,1096.7136,4.1534,4.1313,0.0221,12.0325,0.4085,0.4085,0.0000,16.1847,4.1673,-0.0412,1096.7136,NA,NA,NA
Code.exe,14868,0x2E094ECB090,DXGI,0,0,0,Hardware Composed: Independent Flip,1100.8670,4.1300,4.1075,0.0225,12.0827,0.4367,0.4367,0.0000,16.1986,4.1550,-0.0139,1100.8670,NA,NA,NA
Code.exe,14868,0x2E094ECB090,DXGI,0,0,0,Hardware Composed: Independent Flip,1104.9970,4.3927,4.3612,0.0315,12.1181,0.4514,0.4514,0.0000,16.2236,4.1703,-0.0250,1104.9970,NA,NA,NA
Code.exe,14868,0x2E094ECB090,DXGI,0,0,0,Hardware Composed: Independent Flip,1109.3897,4.1312,4.1090,0.0222,11.8698,0.4507,0.4507,0.0000,16.0012,4.1526,0.2224,1109.3897,NA,NA,NA
Code.exe,14868,0x2E094ECB090,DXGI,0,0,0,Hardware Composed: Independent Flip,1113.5209,5.5076,5.4857,0.0219,11.9405,0.4579,0.4579,0.0000,16.0226,4.1713,-0.0214,1113.5209,NA,NA,NA
Code.exe,14868,0x2E094ECB090,DXGI,0,0,0,Hardware Composed: Independent Flip,1119.0285,9.9198,9.8771,0.0427,9.8006,1.0876,0.9099,0.1777,14.6863,4.1672,1.3363,1119.0285,NA,NA,NA
Code.exe,14868,0x2E094ECB090,DXGI,0,0,0,Hardware Composed: Independent Flip,1128.9483,1.4441,1.4123,0.0318,4.8068,0.4758,0.4758,0.0000,8.9337,4.1742,5.7526,1128.9483,NA,NA,NA
Code.exe,14868,0x2E094ECB090,DXGI,0,0,0,Hardware Composed: Independent Flip,1130.3924,3.7017,3.6767,0.0250,7.8093,0.1752,0.1752,0.0000,11.6638,4.1652,-2.7301,1130.3924,NA,NA,NA
Code.exe,14868,0x2E094ECB090,DXGI,0,0,0,Hardware Composed: Independent Flip,1134.0941,4.1709,4.1381,0.0328,8.0012,0.4278,0.4278,0.0000,12.1273,4.1574,-0.4635,1134.0941,NA,NA,NA
Code.exe,14868,0x2E094ECB090,DXGI,0,0,0,Hardware Composed: Independent Flip,1138.2650,4.2574,4.2307,0.0267,7.9964,0.4479,0.4479,0.0000,12.1138,4.1756,0.0135,1138.2650,NA,NA,NA
Code.exe,14868,0x2E094ECB090,DXGI,0,0,0,Hardware Composed: Independent Flip,1142.5224,4.1831,4.1638,0.0193,7.8874,0.4547,0.4547,0.0000,12.0320,8.3288,0.0818,1142.5224,NA,NA,NA
Code.exe,14868,0x2E094ECB090,DXGI,0,0,0,Hardware Composed: Independent Flip,1146.7055,7.6599,7.6345,0.0254,7.9371,4.0193,3.9848,0.0345,16.1777,4.1512,-4.1457,1146.7055,NA,NA,NA
Code.exe,14868,0x2E094ECB090,DXGI,0,0,0,Hardware Composed: Independent Flip,1154.3654,0.5804,0.5520,0.0284,8.5594,1.5837,1.5837,0.0000,12.6690,4.1692,3.5087,1154.3654,NA,NA,NA
Code.exe,14868,0x2E094ECB090,DXGI,0,0,0,Hardware Composed: Independent Flip,1154.9458,4.1649,4.1461,0.0188,12.1172,0.4441,0.4441,0.0000,16.2578,4.1669,-3.5888,1154.9458,NA,NA,NA
Code.exe,14868,0x2E094ECB090,DXGI,0,0,0,Hardware Composed: Independent Flip,1159.1107,4.2438,4.2195,0.0243,12.1306,0.4329,0.4329,0.0000,16.2598,4.1569,-0.0020,1159.1107,NA,NA,NA
Code.exe,14868,0x2E094ECB090,DXGI,0,0,0,Hardware Composed: Independent Flip,1163.3545,4.1415,4.1168,0.0247,12.0502,0.4483,0.4483,0.0000,16.1729,4.1680,0.0869,1163.3545,NA,NA,NA
Code.exe,14868,0x2E094ECB090,DXGI,0,0,0,Hardware Composed: Independent Flip,1167.4960,4.3083,4.2689,0.0394,12.0624,0.4428,0.4428,0.0000,16.1994,4.1634,-0.0265,1167.4960,NA,NA,NA
Code.exe,14868,0x2E094ECB090,DXGI,0,0,0,Hardware Composed: Independent Flip,1171.8043,4.4625,4.1350,0.3275,12.6664,0.1769,0.1769,0.0000,16.0545,4.1902,0.1449,1171.8043,NA,NA,NA
Code.exe,14868,0x2E094ECB090,DXGI,0,0,0,Hardware Composed: Independent Flip,1176.2668,4.2023,4.1762,0.0261,11.6257,0.4322,0.4322,0.0000,15.7822,4.1547,0.2723,1176.2668,NA,NA,NA
Code.exe,14868,0x2E094ECB090,DXGI,0,0,0,Hardware Composed: Independent Flip,1180.4691,3.6728,3.6469,0.0259,11.6071,0.4454,0.4454,0.0000,15.7346,4.1603,0.0476,1180.4691,NA,NA,NA
Code.exe,14868,0x2E094ECB090,DXGI,0,0,0,Hardware Composed: Independent Flip,1184.1419,4.3103,4.2851,0.0252,12.0950,0.4375,0.4375,0.0000,16.2221,4.1763,-0.4875,1184.1419,NA,NA,NA
Code.exe,14868,0x2E094ECB090,DXGI,0,0,0,Hardware Composed: Independent Flip,1188.4522,3.9871,3.9656,0.0215,11.9320,0.3723,0.3723,0.0000,16.0881,4.1657,0.1340,1188.4522,NA,NA,NA
Code.exe,14868,0x2E094ECB090,DXGI,0,0,0,Hardware Composed: Independent Flip,1192.4393,4.1680,4.1463,0.0217,12.1519,0.4549,0.4549,0.0000,16.2667,4.1620,-0.1786,1192.4393,NA,NA,NA
Code.exe,14868,0x2E094ECB090,DXGI,0,0,0,Hardware Composed: Independent Flip,1196.6073,4.1491,4.1268,0.0223,12.1308,0.4596,0.4596,0.0000,16.2607,4.1712,0.0060,1196.6073,NA,NA,NA
Code.exe,14868,0x2E094ECB090,DXGI,0,0,0,Hardware Composed: Independent Flip,1200.7564,4.3672,4.3435,0.0237,12.1526,0.4531,0.4531,0.0000,16.2828,4.1603,-0.0221,1200.7564,NA,NA,NA
Code.exe,14868,0x2E094ECB090,DXGI,0,0,0,Hardware Composed: Independent Flip,1205.1236,4.0935,4.0684,0.0251,11.9427,0.4031,0.4031,0.0000,16.0759,4.1578,0.2069,1205.1236,NA,NA,NA
Code.exe,14868,0x2E094ECB090,DXGI,0,0,0,Hardware Composed: Independent Flip,1209.2171,4.0827,4.0609,0.0218,12.0314,0.4289,0.4289,0.0000,16.1402,4.1698,-0.0643,1209.2171,NA,NA,NA
Code.exe,14868,0x2E094ECB090,DXGI,0,0,0,Hardware Composed: Independent Flip,1213.2998,4.1214,4.0996,0.0218,12.0880,0.4388,0.4388,0.0000,16.2273,4.1749,-0.0871,1213.2998,NA,NA,NA
Code.exe,14868,0x2E094ECB090,DXGI,0,0,0,Hardware Composed: Independent Flip,1217.4212,4.2428,4.2236,0.0192,12.1390,0.4389,0.4389,0.0000,16.2808,4.1437,-0.0535,1217.4212,NA,NA,NA
Code.exe,14868,0x2E094ECB090,DXGI,0,0,0,Hardware Composed: Independent Flip,1221.6640,5.9196,5.8949,0.0247,8.3907,4.8313,1.8184,3.0129,16.1817,4.1906,0.0991,1221.6640,NA,NA,NA
Code.exe,14868,0x2E094ECB090,DXGI,0,0,0,Hardware Composed: Independent Flip,1227.5836,2.4900,2.3727,0.1173,10.2888,0.8544,0.8544,0.0000,14.4527,4.1452,1.7290,1227.5836,NA,NA,NA
Code.exe,14868,0x2E094ECB090,DXGI,0,0,0,Hardware Composed: Independent Flip,1230.0736,4.0088,3.9862,0.0226,12.0187,0.4517,0.4517,0.0000,16.1079,4.1824,-1.6552,1230.0736,NA,NA,NA
Code.exe,14868,0x2E094ECB090,DXGI,0,0,0,Hardware Composed: Independent Flip,1234.0824,4.2244,4.1999,0.0245,12.1298,0.4455,0.4455,0.0000,16.2815,4.1605,-0.1736,1234.0824,NA,NA,NA
Code.exe,14868,0x2E094ECB090,DXGI,0,0,0,Hardware Composed: Independent Flip,1238.3068,4.2031,4.1778,0.0253,12.0888,0.4471,0.4471,0.0000,16.2176,4.1553,0.0639,1238.3068,NA,NA,NA
Code.exe,14868,0x2E094ECB090,DXGI,0,0,0,Hardware Composed: Independent Flip,1242.5099,4.0392,4.0158,0.0234,12.0536,0.4405,0.4405,0.0000,16.1698,4.1670,0.0478,1242.5099,NA,NA,NA
Code.exe,14868,0x2E094ECB090,DXGI,0,0,0,Hardware Composed: Independent Flip,1246.5491,4.2452,4.2200,0.0252,12.1589,0.4508,0.4508,0.0000,16.2976,4.1591,-0.1278,1246.5491,NA,NA,NA
Code.exe,14868,0x2E094ECB090,DXGI,0,0,0,Hardware Composed: Independent Flip,1250.7943,4.1393,4.1118,0.0275,12.2021,0.1930,0.1930,0.0000,16.2115,4.1802,0.0861,1250.7943,NA,NA,NA
Code.exe,14868,0x2E094ECB090,DXGI,0,0,0,Hardware Composed: Independent Flip,1254.9336,4.1782,4.1514,0.0268,12.1117,0.4524,0.4524,0.0000,16.2524,4.1703,-0.0409,1254.9336,NA,NA,NA
Code.exe,14868,0x2E094ECB090,DXGI,0,0,0,Hardware Composed: Independent Flip,1259.1118,4.1288,4.1011,0.0277,12.1153,0.4590,0.4590,0.0000,16.2445,4.1628,0.0079,1259.1118,NA,NA,NA
Code.exe,14868,0x2E094ECB090,DXGI,0,0,0,Hardware Composed: Independent Flip,1263.2406,4.2985,4.2767,0.0218,12.1435,0.4406,0.4406,0.0000,16.2785,4.1661,-0.0340,1263.2406,NA,NA,NA
Code.exe,14868,0x2E094ECB090,DXGI,0,0,0,Hardware Composed: Independent Flip,1267.5391,4.0738,4.0520,0.0218,12.0220,0.4119,0.4119,0.0000,16.1461,4.1675,0.1324,1267.5391,NA,NA,NA
Code.exe,14868,0x2E094ECB090,DXGI,0,0,0,Hardware Composed: Independent Flip,1271.6129,4.2183,4.1880,0.0303,12.1208,0.4667,0.4667,0.0000,16.2398,4.1689,-0.0937,1271.6129,NA,NA,NA
Code.exe,14868,0x2E094ECB090,DXGI,0,0,0,Hardware Composed: Independent Flip,1275.8312,4.1093,4.0857,0.0236,12.0814,0.4848,0.4848,0.0000,16.1904,4.1610,0.0494,1275.8312,NA,NA,NA
Code.exe,14868,0x2E094ECB090,DXGI,0,0,0,Hardware Composed: Independent Flip,1279.9405,4.2013,4.1802,0.0211,12.1165,0.4373,0.4373,0.0000,16.2421,4.1714,-0.0517,1279.9405,NA,NA,NA
Code.exe,14868,0x2E094ECB090,DXGI,0,0,0,Hardware Composed: Independent Flip,1284.1418,4.1967,4.1722,0.0245,12.0700,0.4220,0.4220,0.0000,16.2122,4.1652,0.0299,1284.1418,NA,NA,NA
Code.exe,14868,0x2E094ECB090,DXGI,0,0,0,Hardware Composed: Independent Flip,1288.3385,4.1661,4.1476,0.0185,12.0740,0.4477,0.4477,0.0000,16.1807,4.1570,0.0315,1288.3385,NA,NA,NA
Code.exe,14868,0x2E094ECB090,DXGI,0,0,0,Hardware Composed: Independent Flip,1292.5046,4.1509,4.1286,0.0223,12.0778,0.4655,0.4655,0.0000,16.1716,4.1696,0.0091,1292.5046,NA,NA,NA
Code.exe,14868,0x2E094ECB090,DXGI,0,0,0,Hardware Composed: Independent Flip,1296.6555,4.2213,4.2017,0.0196,12.0633,0.4516,0.4516,0.0000,16.1903,4.1626,-0.0187,1296.6555,NA,NA,NA
Code.exe,14868,0x2E094ECB090,DXGI,0,0,0,Hardware Composed: Independent Flip,1300.8768,4.2385,4.2190,0.0195,12.0029,0.4450,0.4450,0.0000,16.1316,4.1490,0.0587,1300.8768,NA,NA,NA
Code.exe,14868,0x2E094ECB090,DXGI,0,0,0,Hardware Composed: Independent Flip,1305.1153,4.1327,4.1016,0.0311,11.9550,0.4466,0.4466,0.0000,16.0421,4.1697,0.0895,1305.1153,NA,NA,NA
Code.exe,14868,0x2E094ECB090,DXGI,0,0,0,Hardware Composed: Independent Flip,1309.2480,4.0638,4.0410,0.0228,11.9404,0.4450,0.4450,0.0000,16.0791,4.1724,-0.0370,1309.2480,NA,NA,NA
Code.exe,14868,0x2E094ECB090,DXGI,0,0,0,Hardware Composed: Independent Flip,1313.3118,4.1565,4.1347,0.0218,12.5874,0.1771,0.1771,0.0000,16.1877,4.1624,-0.1086,1313.3118,NA,NA,NA
Code.exe,14868,0x2E094ECB090,DXGI,0,0,0,Hardware Composed: Independent Flip,1317.4683,4.0805,4.0587,0.0218,12.0779,0.4417,0.4417,0.0000,16.1936,4.1656,-0.0059,1317.4683,NA,NA,NA
Code.exe,14868,0x2E094ECB090,DXGI,0,0,0,Hardware Composed: Independent Flip,1321.5488,4.1379,4.1191,0.0188,12.1395,0.4426,0.4426,0.0000,16.2787,4.1691,-0.0851,1321.5488,NA,NA,NA
Code.exe,14868,0x2E094ECB090,DXGI,0,0,0,Hardware Composed: Independent Flip,1325.6867,4.3197,4.2979,0.0218,12.1689,0.4311,0.4311,0.0000,16.3099,4.1729,-0.0312,1325.6867,NA,NA,NA
Code.exe,14868,0x2E094ECB090,DXGI,0,0,0,Hardware Composed: Independent Flip,1330.0064,4.0856,4.0664,0.0192,12.0364,0.3867,0.3867,0.0000,16.1631,4.1636,0.1468,1330.0064,NA,NA,NA
Code.exe,14868,0x2E094ECB090,DXGI,0,0,0,Hardware Composed: Independent Flip,1334.0920,4.1642,4.1415,0.0227,12.1112,0.4417,0.4417,0.0000,16.2411,4.1529,-0.0780,1334.0920,NA,NA,NA
Code.exe,14868,0x2E094ECB090,DXGI,0,0,0,Hardware Composed: Independent Flip,1338.2562,4.2698,4.2396,0.0302,12.1051,0.4330,0.4330,0.0000,16.2298,4.1747,0.0113,1338.2562,NA,NA,NA
Code.exe,14868,0x2E094ECB090,DXGI,0,0,0,Hardware Composed: Independent Flip,1342.5260,4.1448,4.1224,0.0224,11.9809,0.4468,0.4468,0.0000,16.1347,4.1750,0.0951,1342.5260,NA,NA,NA
Code.exe,14868,0x2E094ECB090,DXGI,0,0,0,Hardware Composed: Independent Flip,1346.6708,4.0649,4.0446,0.0203,12.0290,0.4503,0.4503,0.0000,16.1649,4.1526,-0.0302,1346.6708,NA,NA,NA
Code.exe,14868,0x2E094ECB090,DXGI,0,0,0,Hardware Composed: Independent Flip,1350.7357,4.1045,4.0848,0.0197,12.1302,0.4428,0.4428,0.0000,16.2526,4.1632,-0.0877,1350.7357,NA,NA,NA
Code.exe,14868,0x2E094ECB090,DXGI,0,0,0,Hardware Composed: Independent Flip,1354.8402,4.3482,4.3273,0.0209,12.1913,0.4816,0.4816,0.0000,16.3113,4.1753,-0.0587,1354.8402,NA,NA,NA
Code.exe,14868,0x2E094ECB090,DXGI,0,0,0,Hardware Composed: Independent Flip,1359.1884,4.0488,4.0273,0.0215,13.2422,0.1859,0.1859,0.0000,16.1384,4.1570,0.1729,1359.1884,NA,NA,NA
Code.exe,14868,0x2E094ECB090,DXGI,0,0,0,Hardware Composed: Independent Flip,1363.2372,4.2308,4.2074,0.0234,12.1359,0.4504,0.4504,0.0000,16.2466,4.1673,-0.1082,1363.2372,NA,NA,NA
Code.exe,14868,0x2E094ECB090,DXGI,0,0,0,Hardware Composed: Independent Flip,1367.4680,4.1080,4.0803,0.0277,12.0687,0.4510,0.4510,0.0000,16.1831,4.1771,0.0635,1367.4680,NA,NA,NA
Code.exe,14868,0x2E094ECB090,DXGI,0,0,0,Hardware Composed: Independent Flip,1371.5760,4.2544,4.2266,0.0278,12.1171,0.4477,0.4477,0.0000,16.2522,4.1535,-0.0691,1371.5760,NA,NA,NA
Code.exe,14868,0x2E094ECB090,DXGI,0,0,0,Hardware Composed: Independent Flip,1375.8304,4.0633,4.0388,0.0245,12.0280,0.3379,0.3379,0.0000,16.1513,4.1674,0.1009,1375.8304,NA,NA,NA
Code.exe,14868,0x2E094ECB090,DXGI,0,0,0,Hardware Composed: Independent Flip,1379.8937,4.2881,4.2591,0.0290,12.1202,0.4734,0.4734,0.0000,16.2554,4.1659,-0.1041,1379.8937,NA,NA,NA
Code.exe,14868,0x2E094ECB090,DXGI,0,0,0,Hardware Composed: Independent Flip,1384.1818,4.0809,4.0586,0.0223,11.9968,0.4564,0.4564,0.0000,16.1332,4.1749,0.1222,1384.1818,NA,NA,NA
Code.exe,14868,0x2E094ECB090,DXGI,0,0,0,Hardware Composed: Independent Flip,1388.2627,4.1108,4.0871,0.0237,12.0729,0.4789,0.4789,0.0000,16.2272,4.1599,-0.0940,1388.2627,NA,NA,NA
Code.exe,14868,0x2E094ECB090,DXGI,0,0,0,Hardware Composed: Independent Flip,1392.3735,4.2385,4.2181,0.0204,12.1649,0.4329,0.4329,0.0000,16.2763,4.1794,-0.0491,1392.3735,NA,NA,NA
Code.exe,14868,0x2E094ECB090,DXGI,0,0,0,Hardware Composed: Independent Flip,1396.6120,4.1046,4.0766,0.0280,12.0682,0.4754,0.4754,0.0000,16.2172,4.1434,0.0591,1396.6120,NA,NA,NA
Code.exe,14868,0x2E094ECB090,DXGI,0,0,0,Hardware Composed: Independent Flip,1400.7166,4.1824,4.1579,0.0245,12.1604,0.4499,0.4499,0.0000,16.2560,4.1789,-0.0388,1400.7166,NA,NA,NA
Code.exe,14868,0x2E094ECB090,DXGI,0,0,0,Hardware Composed: Independent Flip,1404.8990,4.2594,4.2310,0.0284,13.1870,0.1678,0.1678,0.0000,16.2525,4.1566,0.0035,1404.8990,NA,NA,NA
Code.exe,14868,0x2E094ECB090,DXGI,0,0,0,Hardware Composed: Independent Flip,1409.1584,4.1850,4.1532,0.0318,12.0320,0.4488,0.4488,0.0000,16.1497,4.1570,0.1028,1409.1584,NA,NA,NA
Code.exe,14868,0x2E094ECB090,DXGI,0,0,0,Hardware Composed: Independent Flip,1413.3434,3.9990,3.9796,0.0194,11.9941,0.4401,0.4401,0.0000,16.1217,4.1801,0.0280,1413.3434,NA,NA,NA
Code.exe,14868,0x2E094ECB090,DXGI,0,0,0,Hardware Composed: Independent Flip,1417.3424,4.2947,4.2727,0.0220,12.1470,0.4373,0.4373,0.0000,16.3028,4.1485,-0.1811,1417.3424,NA,NA,NA
Code.exe,14868,0x2E094ECB090,DXGI,0,0,0,Hardware Composed: Independent Flip,1421.6371,4.1052,4.0822,0.0230,12.0968,0.2384,0.2384,0.0000,16.1566,4.1848,0.1462,1421.6371,NA,NA,NA
Code.exe,14868,0x2E094ECB090,DXGI,0,0,0,Hardware Composed: Independent Flip,1425.7423,4.1298,4.1077,0.0221,12.0891,0.4393,0.4393,0.0000,16.2362,4.1622,-0.0796,1425.7423,NA,NA,NA
Code.exe,14868,0x2E094ECB090,DXGI,0,0,0,Hardware Composed: Independent Flip,1429.8721,4.1204,4.0977,0.0227,12.1390,0.4593,0.4593,0.0000,16.2686,4.1694,-0.0324,1429.8721,NA,NA,NA
Code.exe,14868,0x2E094ECB090,DXGI,0,0,0,Hardware Composed: Independent Flip,1433.9925,4.1924,4.1708,0.0216,12.1941,0.4383,0.4383,0.0000,16.3176,4.1668,-0.0490,1433.9925,NA,NA,NA
Code.exe,14868,0x2E094ECB090,DXGI,0,0,0,Hardware Composed: Independent Flip,1438.1849,4.2612,4.2385,0.0227,12.1479,0.4260,0.4260,0.0000,16.2920,4.1618,0.0256,1438.1849,NA,NA,NA
Code.exe,14868,0x2E094ECB090,DXGI,0,0,0,Hardware Composed: Independent Flip,1442.4461,4.0627,4.0425,0.0202,12.0844,0.4303,0.4303,0.0000,16.1926,4.1603,0.0994,1442.4461,NA,NA,NA
Code.exe,14868,0x2E094ECB090,DXGI,0,0,0,Hardware Composed: Independent Flip,1446.5088,4.2091,4.1889,0.0202,12.1609,0.4438,0.4438,0.0000,16.2902,4.1590,-0.0976,1446.5088,NA,NA,NA
Code.exe,14868,0x2E094ECB090,DXGI,0,0,0,Hardware Composed: Independent Flip,1450.7179,4.1977,4.1752,0.0225,12.1002,0.4393,0.4393,0.0000,16.2401,4.1640,0.0501,1450.7179,NA,NA,NA
Code.exe,14868,0x2E094ECB090,DXGI,0,0,0,Hardware Composed: Independent Flip,1454.9156,4.1148,4.0954,0.0194,12.0858,0.4351,0.4351,0.0000,16.2064,4.1765,0.0337,1454.9156,NA,NA,NA
Code.exe,14868,0x2E094ECB090,DXGI,0,0,0,Hardware Composed: Independent Flip,1459.0304,4.2088,4.1850,0.0238,12.1391,0.4417,0.4417,0.0000,16.2681,4.1735,-0.0617,1459.0304,NA,NA,NA
Code.exe,14868,0x2E094ECB090,DXGI,0,0,0,Hardware Composed: Independent Flip,1463.2392,4.1792,4.1557,0.0235,12.1096,0.4629,0.4629,0.0000,16.2328,4.1604,0.0353,1463.2392,NA,NA,NA
Code.exe,14868,0x2E094ECB090,DXGI,0,0,0,Hardware Composed: Independent Flip,1467.4184,4.1351,4.1143,0.0208,12.2902,0.1786,0.1786,0.0000,16.2140,4.1508,0.0188,1467.4184,NA,NA,NA
Code.exe,14868,0x2E094ECB090,DXGI,0,0,0,Hardware Composed: Independent Flip,1471.5535,4.3199,4.2972,0.0227,12.1085,0.4331,0.4331,0.0000,16.2297,4.1642,-0.0157,1471.5535,NA,NA,NA
Code.exe,14868,0x2E094ECB090,DXGI,0,0,0,Hardware Composed: Independent Flip,1475.8734,3.9936,3.9727,0.0209,11.9441,0.4274,0.4274,0.0000,16.0740,4.1742,0.1557,1475.8734,NA,NA,NA
Code.exe,14868,0x2E094ECB090,DXGI,0,0,0,Hardware Composed: Independent Flip,1479.8670,4.1937,4.1729,0.0208,12.1046,0.4444,0.4444,0.0000,16.2546,4.1754,-0.1806,1479.8670,NA,NA,NA
Code.exe,14868,0x2E094ECB090,DXGI,0,0,0,Hardware Composed: Independent Flip,1484.0607,4.1372,4.1171,0.0201,12.0839,0.3976,0.3976,0.0000,16.2363,4.1560,0.0183,1484.0607,NA,NA,NA
Code.exe,14868,0x2E094ECB090,DXGI,0,0,0,Hardware Composed: Independent Flip,1488.1979,4.1299,4.1100,0.0199,12.1569,0.4502,0.4502,0.0000,16.2551,4.1986,-0.0188,1488.1979,NA,NA,NA
Code.exe,14868,0x2E094ECB090,DXGI,0,0,0,Hardware Composed: Independent Flip,1492.3278,4.1572,4.1306,0.0266,12.1639,0.4650,0.4650,0.0000,16.3238,4.1559,-0.0687,1492.3278,NA,NA,NA
Code.exe,14868,0x2E094ECB090,DXGI,0,0,0,Hardware Composed: Independent Flip,1496.4850,4.3750,4.3539,0.0211,12.2140,0.4553,0.4553,0.0000,16.3225,4.1413,0.0013,1496.4850,NA,NA,NA
Code.exe,14868,0x2E094ECB090,DXGI,0,0,0,Hardware Composed: Independent Flip,1500.8600,4.0466,4.0187,0.0279,11.9719,0.4253,0.4253,0.0000,16.0888,4.1684,0.2337,1500.8600,NA,NA,NA
Code.exe,14868,0x2E094ECB090,DXGI,0,0,0,Hardware Composed: Independent Flip,1504.9066,4.3695,4.3379,0.0316,12.0689,0.4468,0.4468,0.0000,16.2106,4.1541,-0.1218,1504.9066,NA,NA,NA
Code.exe,14868,0x2E094ECB090,DXGI,0,0,0,Hardware Composed: Independent Flip,1509.2761,3.9495,3.9258,0.0237,11.8678,0.4572,0.4572,0.0000,15.9952,4.1750,0.2154,1509.2761,NA,NA,NA
Code.exe,14868,0x2E094ECB090,DXGI,0,0,0,Hardware Composed: Independent Flip,1513.2256,4.1225,4.0986,0.0239,12.2905,0.1979,0.1979,0.0000,16.2207,4.1797,-0.2255,1513.2256,NA,NA,NA
Code.exe,14868,0x2E094ECB090,DXGI,0,0,0,Hardware Composed: Independent Flip,1517.3481,4.1366,4.1148,0.0218,12.1230,0.4402,0.4402,0.0000,16.2779,4.1594,-0.0572,1517.3481,NA,NA,NA
Code.exe,14868,0x2E094ECB090,DXGI,0,0,0,Hardware Composed: Independent Flip,1521.4847,4.1572,4.1367,0.0205,12.2054,0.4509,0.4509,0.0000,16.3007,4.1619,-0.0228,1521.4847,NA,NA,NA
Code.exe,14868,0x2E094ECB090,DXGI,0,0,0,Hardware Composed: Independent Flip,1525.6419,4.1968,4.1780,0.0188,12.1772,0.4395,0.4395,0.0000,16.3054,4.1648,-0.0047,1525.6419,NA,NA,NA
Code.exe,14868,0x2E094ECB090,DXGI,0,0,0,Hardware Composed: Independent Flip,1529.8387,4.4266,4.4096,0.0170,12.1325,0.2240,0.2240,0.0000,16.2734,4.1630,0.0320,1529.8387,NA,NA,NA
Code.exe,14868,0x2E094ECB090,DXGI,0,0,0,Hardware Composed: Independent Flip,1534.2653,4.0304,4.0075,0.0229,11.8848,0.4291,0.4291,0.0000,16.0098,4.1585,0.2636,1534.2653,NA,NA,NA
Code.exe,14868,0x2E094ECB090,DXGI,0,0,0,Hardware Composed: Independent Flip,1538.2957,4.1585,4.1334,0.0251,12.0101,0.4301,0.4301,0.0000,16.1379,4.1779,-0.1281,1538.2957,NA,NA,NA
Code.exe,14868,0x2E094ECB090,DXGI,0,0,0,Hardware Composed: Independent Flip,1542.4542,4.0591,4.0378,0.0213,12.0157,0.4520,0.4520,0.0000,16.1573,4.1676,-0.0194,1542.4542,NA,NA,NA
Code.exe,14868,0x2E094ECB090,DXGI,0,0,0,Hardware Composed: Independent Flip,1546.5133,4.1774,4.1562,0.0212,12.1220,0.4105,0.4105,0.0000,16.2658,4.1508,-0.1085,1546.5133,NA,NA,NA
Code.exe,14868,0x2E094ECB090,DXGI,0,0,0,Hardware Composed: Independent Flip,1550.6907,4.1279,4.1056,0.0223,12.1212,0.4398,0.4398,0.0000,16.2392,4.1744,0.0266,1550.6907,NA,NA,NA
Code.exe,14868,0x2E094ECB090,DXGI,0,0,0,Hardware Composed: Independent Flip,1554.8186,4.1695,4.1503,0.0192,12.1323,0.4438,0.4438,0.0000,16.2857,4.1864,-0.0465,1554.8186,NA,NA,NA
Code.exe,14868,0x2E094ECB090,DXGI,0,0,0,Hardware Composed: Independent Flip,1558.9881,4.2437,4.2253,0.0184,12.1356,0.4453,0.4453,0.0000,16.3026,4.1531,-0.0169,1558.9881,NA,NA,NA
Code.exe,14868,0x2E094ECB090,DXGI,0,0,0,Hardware Composed: Independent Flip,1563.2318,4.1137,4.0955,0.0182,12.1007,0.4394,0.4394,0.0000,16.2120,4.1659,0.0906,1563.2318,NA,NA,NA
Code.exe,14868,0x2E094ECB090,DXGI,0,0,0,Hardware Composed: Independent Flip,1567.3455,4.1519,4.1250,0.0269,12.1437,0.4433,0.4433,0.0000,16.2642,4.1598,-0.0522,1567.3455,NA,NA,NA
Code.exe,14868,0x2E094ECB090,DXGI,0,0,0,Hardware Composed: Independent Flip,1571.4974,4.3710,4.3418,0.0292,12.1395,0.4487,0.4487,0.0000,16.2721,4.1691,-0.0079,1571.4974,NA,NA,NA
Code.exe,14868,0x2E094ECB090,DXGI,0,0,0,Hardware Composed: Independent Flip,1575.8684,4.0925,4.0691,0.0234,12.5620,0.1706,0.1706,0.0000,16.0702,4.1580,0.2019,1575.8684,NA,NA,NA
Code.exe,14868,0x2E094ECB090,DXGI,0,0,0,Hardware Composed: Independent Flip,1579.9609,4.1574,4.1375,0.0199,12.0252,0.4350,0.4350,0.0000,16.1357,4.1573,-0.0655,1579.9609,NA,NA,NA
Code.exe,14868,0x2E094ECB090,DXGI,0,0,0,Hardware Composed: Independent Flip,1584.1183,4.1346,4.1097,0.0249,12.0213,0.4375,0.4375,0.0000,16.1356,4.1720,0.0001,1584.1183,NA,NA,NA
Code.exe,14868,0x2E094ECB090,DXGI,0,0,0,Hardware Composed: Independent Flip,1588.2529,4.1268,4.1047,0.0221,12.0321,0.4263,0.4263,0.0000,16.1730,4.1851,-0.0374,1588.2529,NA,NA,NA
Code.exe,14868,0x2E094ECB090,DXGI,0,0,0,Hardware Composed: Independent Flip,1592.3797,4.1472,4.1254,0.0218,12.0897,0.4026,0.4026,0.0000,16.2313,4.1599,-0.0583,1592.3797,NA,NA,NA
Code.exe,14868,0x2E094ECB090,DXGI,0,0,0,Hardware Composed: Independent Flip,1596.5269,4.1951,4.1740,0.0211,12.1320,0.4600,0.4600,0.0000,16.2440,4.1457,-0.0127,1596.5269,NA,NA,NA
Code.exe,14868,0x2E094ECB090,DXGI,0,0,0,Hardware Composed: Independent Flip,1600.7220,4.2110,4.1883,0.0227,12.1023,0.4457,0.4457,0.0000,16.1946,4.1796,0.0494,1600.7220,NA,NA,NA
Code.exe,14868,0x2E094ECB090,DXGI,0,0,0,Hardware Composed: Independent Flip,1604.9330,4.2150,4.1908,0.0242,12.0136,0.4426,0.4426,0.0000,16.1632,4.1715,0.0314,1604.9330,NA,NA,NA
Code.exe,14868,0x2E094ECB090,DXGI,0,0,0,Hardware Composed: Independent Flip,1609.1480,4.1414,4.1141,0.0273,11.9928,0.4654,0.4654,0.0000,16.1197,4.1718,0.0435,1609.1480,NA,NA,NA
Code.exe,14868,0x2E094ECB090,DXGI,0,0,0,Hardware Composed: Independent Flip,1613.2894,3.9784,3.9565,0.0219,12.0283,0.4482,0.4482,0.0000,16.1501,4.1383,-0.0304,1613.2894,NA,NA,NA
Code.exe,14868,0x2E094ECB090,DXGI,0,0,0,Hardware Composed: Independent Flip,1617.2678,4.3389,4.3142,0.0247,12.2075,0.4483,0.4483,0.0000,16.3100,4.1801,-0.1599,1617.2678,NA,NA,NA
Code.exe,14868,0x2E094ECB090,DXGI,0,0,0,Hardware Composed: Independent Flip,1621.6067,4.1126,4.0885,0.0241,12.7972,0.1876,0.1876,0.0000,16.1512,4.1690,0.1588,1621.6067,NA,NA,NA
Code.exe,14868,0x2E094ECB090,DXGI,0,0,0,Hardware Composed: Independent Flip,1625.7193,4.0667,4.0437,0.0230,12.0742,0.4424,0.4424,0.0000,16.2076,4.1583,-0.0564,1625.7193,NA,NA,NA
Code.exe,14868,0x2E094ECB090,DXGI,0,0,0,Hardware Composed: Independent Flip,1629.7860,4.1546,4.1350,0.0196,12.1809,0.4293,0.4293,0.0000,16.2992,4.1681,-0.0916,1629.7860,NA,NA,NA
Code.exe,14868,0x2E094ECB090,DXGI,0,0,0,Hardware Composed: Independent Flip,1633.9406,4.2711,4.2501,0.0210,12.1764,0.4250,0.4250,0.0000,16.3127,4.1668,-0.0135,1633.9406,NA,NA,NA
Code.exe,14868,0x2E094ECB090,DXGI,0,0,0,Hardware Composed: Independent Flip,1638.2117,4.1417,4.1124,0.0293,12.7281,0.1886,0.1886,0.0000,16.2084,4.1575,0.1043,1638.2117,NA,NA,NA
Code.exe,14868,0x2E094ECB090,DXGI,0,0,0,Hardware Composed: Independent Flip,1642.3534,4.1281,4.1042,0.0239,12.1135,0.4568,0.4568,0.0000,16.2242,4.1662,-0.0158,1642.3534,NA,NA,NA
Code.exe,14868,0x2E094ECB090,DXGI,0,0,0,Hardware Composed: Independent Flip,1646.4815,4.1474,4.1218,0.0256,12.1341,0.4758,0.4758,0.0000,16.2623,4.1725,-0.0381,1646.4815,NA,NA,NA
Code.exe,14868,0x2E094ECB090,DXGI,0,0,0,Hardware Composed: Independent Flip,1650.6289,4.2012,4.1780,0.0232,12.1468,0.4441,0.4441,0.0000,16.2874,4.1714,-0.0251,1650.6289,NA,NA,NA
Code.exe,14868,0x2E094ECB090,DXGI,0,0,0,Hardware Composed: Independent Flip,1654.8301,4.1632,4.1423,0.0209,12.1336,0.4215,0.4215,0.0000,16.2576,4.1606,0.0298,1654.8301,NA,NA,NA
Code.exe,14868,0x2E094ECB090,DXGI,0,0,0,Hardware Composed: Independent Flip,1658.9933,4.0788,4.0598,0.0190,12.1473,0.4890,0.4890,0.0000,16.2550,4.1554,0.0026,1658.9933,NA,NA,NA
Code.exe,14868,0x2E094ECB090,DXGI,0,0,0,Hardware Composed: Independent Flip,1663.0721,4.2998,4.2766,0.0232,12.2125,0.4397,0.4397,0.0000,16.3316,4.1744,-0.0766,1663.0721,NA,NA,NA
Code.exe,14868,0x2E094ECB090,DXGI,0,0,0,Hardware Composed: Independent Flip,1667.3719,4.1835,4.1568,0.0267,12.0634,0.4508,0.4508,0.0000,16.2062,4.1660,0.1254,1667.3719,NA,NA,NA
Code.exe,14868,0x2E094ECB090,DXGI,0,0,0,Hardware Composed: Independent Flip,1671.5554,4.2149,4.1865,0.0284,12.0740,0.4996,0.4996,0.0000,16.1887,4.1683,0.0175,1671.5554,NA,NA,NA
Code.exe,14868,0x2E094ECB090,DXGI,0,0,0,Hardware Composed: Independent Flip,1675.7703,4.0174,3.9922,0.0252,12.0330,0.5187,0.5187,0.0000,16.1421,4.1587,0.0466,1675.7703,NA,NA,NA
Code.exe,14868,0x2E094ECB090,DXGI,0,0,0,Hardware Composed: Independent Flip,1679.7877,4.2506,4.2277,0.0229,12.1714,0.4390,0.4390,0.0000,16.2834,4.1578,-0.1413,1679.7877,NA,NA,NA
Code.exe,14868,0x2E094ECB090,DXGI,0,0,0,Hardware Composed: Independent Flip,1684.0383,4.1694,4.1483,0.0211,12.3900,0.1773,0.1773,0.0000,16.1906,4.1770,0.0928,1684.0383,NA,NA,NA
Code.exe,14868,0x2E094ECB090,DXGI,0,0,0,Hardware Composed: Independent Flip,1688.2077,4.1434,4.1224,0.0210,12.0549,0.4478,0.4478,0.0000,16.1982,4.1615,-0.0076,1688.2077,NA,NA,NA
Code.exe,14868,0x2E094ECB090,DXGI,0,0,0,Hardware Composed: Independent Flip,1692.3511,4.0876,4.0664,0.0212,12.0931,0.4555,0.4555,0.0000,16.2163,4.1685,-0.0181,1692.3511,NA,NA,NA
Code.exe,14868,0x2E094ECB090,DXGI,0,0,0,Hardware Composed: Independent Flip,1696.4387,4.2372,4.2147,0.0225,12.1556,0.4545,0.4545,0.0000,16.2972,4.1709,-0.0809,1696.4387,NA,NA,NA
Code.exe,14868,0x2E094ECB090,DXGI,0,0,0,Hardware Composed: Independent Flip,1700.6759,4.2081,4.1801,0.0280,12.0901,0.4204,0.4204,0.0000,16.2309,4.1650,0.0663,1700.6759,NA,NA,NA
Code.exe,14868,0x2E094ECB090,DXGI,0,0,0,Hardware Composed: Independent Flip,1704.8840,4.1617,4.1237,0.0380,12.0513,0.4398,0.4398,0.0000,16.1878,4.1593,0.0431,1704.8840,NA,NA,NA
Code.exe,14868,0x2E094ECB090,DXGI,0,0,0,Hardware Composed: Independent Flip,1709.0457,4.5880,4.5662,0.0218,12.0524,0.4613,0.4613,0.0000,16.1854,4.1793,0.0024,1709.0457,NA,NA,NA
Code.exe,14868,0x2E094ECB090,DXGI,0,0,0,Hardware Composed: Independent Flip,1713.6337,3.7272,3.7072,0.0200,11.6353,0.4444,0.4444,0.0000,15.7767,4.1607,0.4087,1713.6337,NA,NA,NA
Code.exe,14868,0x2E094ECB090,DXGI,0,0,0,Hardware Composed: Independent Flip,1717.3609,4.1203,4.0996,0.0207,12.0757,0.3881,0.3881,0.0000,16.2102,4.1634,-0.4335,1717.3609,NA,NA,NA
Code.exe,14868,0x2E094ECB090,DXGI,0,0,0,Hardware Composed: Independent Flip,1721.4812,4.2826,4.2617,0.0209,12.1320,0.4341,0.4341,0.0000,16.2533,4.1648,-0.0431,1721.4812,NA,NA,NA
Code.exe,14868,0x2E094ECB090,DXGI,0,0,0,Hardware Composed: Independent Flip,1725.7638,4.0863,4.0578,0.0285,12.0138,0.4788,0.4788,0.0000,16.1355,4.1712,0.1178,1725.7638,NA,NA,NA
Code.exe,14868,0x2E094ECB090,DXGI,0,0,0,Hardware Composed: Independent Flip,1729.8501,4.2083,4.1839,0.0244,12.0770,0.4573,0.4573,0.0000,16.2204,4.1616,-0.0849,1729.8501,NA,NA,NA
Code.exe,14868,0x2E094ECB090,DXGI,0,0,0,Hardware Composed: Independent Flip,1734.0584,4.1793,4.1501,0.0292,12.0517,0.4267,0.4267,0.0000,16.1737,4.1647,0.0467,1734.0584,NA,NA,NA
Code.exe,14868,0x2E094ECB090,DXGI,0,0,0,Hardware Composed: Independent Flip,1738.2377,4.1822,4.1564,0.0258,12.0357,0.4336,0.4336,0.0000,16.1591,4.1510,0.0146,1738.2377,NA,NA,NA
Code.exe,14868,0x2E094ECB090,DXGI,0,0,0,Hardware Composed: Independent Flip,1742.4199,4.1520,4.1298,0.0222,12.0087,0.4338,0.4338,0.0000,16.1279,4.1770,0.0312,1742.4199,NA,NA,NA
Code.exe,14868,0x2E094ECB090,DXGI,0,0,0,Hardware Composed: Independent Flip,1746.5719,4.1060,4.0835,0.0225,12.3432,0.1876,0.1876,0.0000,16.1529,4.1705,-0.0250,1746.5719,NA,NA,NA
Code.exe,14868,0x2E094ECB090,DXGI,0,0,0,Hardware Composed: Independent Flip,1750.6779,4.1327,4.1120,0.0207,12.0841,0.4448,0.4448,0.0000,16.2174,4.1618,-0.0645,1750.6779,NA,NA,NA
Code.exe,14868,0x2E094ECB090,DXGI,0,0,0,Hardware Composed: Independent Flip,1754.8106,4.1199,4.0980,0.0219,12.1190,0.4322,0.4322,0.0000,16.2465,4.1780,-0.0291,1754.8106,NA,NA,NA
Code.exe,14868,0x2E094ECB090,DXGI,0,0,0,Hardware Composed: Independent Flip,1758.9305,4.2532,4.2309,0.0223,12.1573,0.4494,0.4494,0.0000,16.3046,4.1587,-0.0581,1758.9305,NA,NA,NA
Code.exe,14868,0x2E094ECB090,DXGI,0,0,0,Hardware Composed: Independent Flip,1763.1837,4.1442,4.1232,0.0210,12.0861,0.4166,0.4166,0.0000,16.2101,4.1602,0.0945,1763.1837,NA,NA,NA
Code.exe,14868,0x2E094ECB090,DXGI,0,0,0,Hardware Composed: Independent Flip,1767.3279,4.1705,4.1467,0.0238,12.0967,0.4303,0.4303,0.0000,16.2261,4.1741,-0.0160,1767.3279,NA,NA,NA
Code.exe,14868,0x2E094ECB090,DXGI,0,0,0,Hardware Composed: Independent Flip,1771.4984,4.2343,4.2037,0.0306,12.0818,0.4471,0.4471,0.0000,16.2297,4.1557,-0.0036,1771.4984,NA,NA,NA
Code.exe,14868,0x2E094ECB090,DXGI,0,0,0,Hardware Composed: Independent Flip,1775.7327,4.1398,4.1170,0.0228,12.0367,0.4464,0.4464,0.0000,16.1511,4.1743,0.0786,1775.7327,NA,NA,NA
Code.exe,14868,0x2E094ECB090,DXGI,0,0,0,Hardware Composed: Independent Flip,1779.8725,4.1859,4.1638,0.0221,12.0508,0.4194,0.4194,0.0000,16.1856,4.1620,-0.0345,1779.8725,NA,NA,NA
Code.exe,14868,0x2E094ECB090,DXGI,0,0,0,Hardware Composed: Independent Flip,1784.0584,4.1401,4.1110,0.0291,12.0509,0.4721,0.4721,0.0000,16.1617,4.1632,0.0239,1784.0584,NA,NA,NA
Code.exe,14868,0x2E094ECB090,DXGI,0,0,0,Hardware Composed: Independent Flip,1788.1985,4.2329,4.2048,0.0281,12.0663,0.4565,0.4565,0.0000,16.1848,4.1640,-0.0231,1788.1985,NA,NA,NA
Code.exe,14868,0x2E094ECB090,DXGI,0,0,0,Hardware Composed: Independent Flip,1792.4314,4.1981,4.1739,0.0242,12.7015,0.1990,0.1990,0.0000,16.1159,4.1750,0.0689,1792.4314,NA,NA,NA
Code.exe,14868,0x2E094ECB090,DXGI,0,0,0,Hardware Composed: Independent Flip,1796.6295,4.0380,4.0155,0.0225,11.9500,0.4230,0.4230,0.0000,16.0928,4.1608,0.0231,1796.6295,NA,NA,NA
Code.exe,14868,0x2E094ECB090,DXGI,0,0,0,Hardware Composed: Independent Flip,1800.6675,4.1619,4.1390,0.0229,12.1160,0.4412,0.4412,0.0000,16.2156,4.1508,-0.1228,1800.6675,NA,NA,NA
Code.exe,14868,0x2E094ECB090,DXGI,0,0,0,Hardware Composed: Independent Flip,1804.8294,4.1992,4.1735,0.0257,12.1297,0.4383,0.4383,0.0000,16.2045,4.1911,0.0111,1804.8294,NA,NA,NA
Code.exe,14868,0x2E094ECB090,DXGI,0,0,0,Hardware Composed: Independent Flip,1809.0286,4.2224,4.1991,0.0233,12.0238,0.3781,0.3781,0.0000,16.1964,4.1549,0.0081,1809.0286,NA,NA,NA
Code.exe,14868,0x2E094ECB090,DXGI,0,0,0,Hardware Composed: Independent Flip,1813.2510,4.0812,4.0609,0.0203,12.0065,0.4636,0.4636,0.0000,16.1289,4.1620,0.0675,1813.2510,NA,NA,NA
Code.exe,14868,0x2E094ECB090,DXGI,0,0,0,Hardware Composed: Independent Flip,1817.3322,4.0605,4.0395,0.0210,12.0783,0.4375,0.4375,0.0000,16.2097,4.1881,-0.0808,1817.3322,NA,NA,NA
Code.exe,14868,0x2E094ECB090,DXGI,0,0,0,Hardware Composed: Independent Flip,1821.3927,4.2909,4.2706,0.0203,12.1988,0.4538,0.4538,0.0000,16.3373,4.1483,-0.1276,1821.3927,NA,NA,NA
Code.exe,14868,0x2E094ECB090,DXGI,0,0,0,Hardware Composed: Independent Flip,1825.6836,4.2506,4.2282,0.0224,12.0790,0.4195,0.4195,0.0000,16.1947,4.1632,0.1426,1825.6836,NA,NA,NA
Code.exe,14868,0x2E094ECB090,DXGI,0,0,0,Hardware Composed: Independent Flip,1829.9342,4.1768,4.1553,0.0215,11.9844,0.4430,0.4430,0.0000,16.1073,4.1747,0.0874,1829.9342,NA,NA,NA
Code.exe,14868,0x2E094ECB090,DXGI,0,0,0,Hardware Composed: Independent Flip,1834.1110,4.0284,4.0045,0.0239,11.9634,0.4511,0.4511,0.0000,16.1052,4.1581,0.0021,1834.1110,NA,NA,NA
Code.exe,14868,0x2E094ECB090,DXGI,0,0,0,Hardware Composed: Independent Flip,1838.1394,4.2494,4.2206,0.0288,12.0977,0.4380,0.4380,0.0000,16.2349,4.1472,-0.1297,1838.1394,NA,NA,NA
Code.exe,14868,0x2E094ECB090,DXGI,0,0,0,Hardware Composed: Independent Flip,1842.3888,4.0999,4.0737,0.0262,12.0211,0.4131,0.4131,0.0000,16.1327,4.1786,0.1022,1842.3888,NA,NA,NA
Code.exe,14868,0x2E094ECB090,DXGI,0,0,0,Hardware Composed: Independent Flip,1846.4887,4.0941,4.0717,0.0224,12.0663,0.4403,0.4403,0.0000,16.2114,4.1639,-0.0787,1846.4887,NA,NA,NA
Code.exe,14868,0x2E094ECB090,DXGI,0,0,0,Hardware Composed: Independent Flip,1850.5828,4.2271,4.2055,0.0216,12.1471,0.4367,0.4367,0.0000,16.2812,4.1577,-0.0698,1850.5828,NA,NA,NA
Code.exe,14868,0x2E094ECB090,DXGI,0,0,0,Hardware Composed: Independent Flip,1854.8099,4.0894,4.0681,0.0213,13.2434,0.1744,0.1744,0.0000,16.2118,4.1850,0.0694,1854.8099,NA,NA,NA
Code.exe,14868,0x2E094ECB090,DXGI,0,0,0,Hardware Composed: Independent Flip,1858.8993,4.2065,4.1799,0.0266,12.1664,0.4772,0.4772,0.0000,16.3074,4.1625,-0.0956,1858.8993,NA,NA,NA
Code.exe,14868,0x2E094ECB090,DXGI,0,0,0,Hardware Composed: Independent Flip,1863.1058,4.1991,4.1747,0.0244,12.1488,0.4358,0.4358,0.0000,16.2634,4.1872,0.0440,1863.1058,NA,NA,NA
Code.exe,14868,0x2E094ECB090,DXGI,0,0,0,Hardware Composed: Independent Flip,1867.3049,4.1907,4.1666,0.0241,12.1024,0.4323,0.4323,0.0000,16.2515,4.1462,0.0119,1867.3049,NA,NA,NA
Code.exe,14868,0x2E094ECB090,DXGI,0,0,0,Hardware Composed: Independent Flip,1871.4956,4.2210,4.1966,0.0244,12.1143,0.2093,0.2093,0.0000,16.2070,4.1667,0.0445,1871.4956,NA,NA,NA
Code.exe,14868,0x2E094ECB090,DXGI,0,0,0,Hardware Composed: Independent Flip,1875.7166,4.0451,4.0148,0.0303,12.0405,0.4473,0.4473,0.0000,16.1527,4.1514,0.0543,1875.7166,NA,NA,NA
Code.exe,14868,0x2E094ECB090,DXGI,0,0,0,Hardware Composed: Independent Flip,1879.7617,4.2185,4.1969,0.0216,12.1655,0.4468,0.4468,0.0000,16.2590,4.1798,-0.1063,1879.7617,NA,NA,NA
Code.exe,14868,0x2E094ECB090,DXGI,0,0,0,Hardware Composed: Independent Flip,1883.9802,4.1892,4.1678,0.0214,12.0762,0.4345,0.4345,0.0000,16.2203,4.1736,0.0387,1883.9802,NA,NA,NA
Code.exe,14868,0x2E094ECB090,DXGI,0,0,0,Hardware Composed: Independent Flip,1888.1694,4.5690,4.5455,0.0235,12.0892,0.4423,0.4423,0.0000,16.2047,4.1493,0.0156,1888.1694,NA,NA,NA
Code.exe,14868,0x2E094ECB090,DXGI,0,0,0,Hardware Composed: Independent Flip,1892.7384,3.8770,3.8511,0.0259,11.6671,0.4436,0.4436,0.0000,15.7850,4.1534,0.4197,1892.7384,NA,NA,NA
Code.exe,14868,0x2E094ECB090,DXGI,0,0,0,Hardware Composed: Independent Flip,1896.6154,4.3097,4.2836,0.0261,11.9673,0.4560,0.4560,0.0000,16.0614,4.1931,-0.2764,1896.6154,NA,NA,NA
Code.exe,14868,0x2E094ECB090,DXGI,0,0,0,Hardware Composed: Independent Flip,1900.9251,4.1705,4.1432,0.0273,11.7965,0.4436,0.4436,0.0000,15.9448,4.1482,0.1166,1900.9251,NA,NA,NA
Code.exe,14868,0x2E094ECB090,DXGI,0,0,0,Hardware Composed: Independent Flip,1905.0956,4.3033,4.2719,0.0314,11.8334,0.4174,0.4174,0.0000,15.9225,4.1570,0.0223,1905.0956,NA,NA,NA
Code.exe,14868,0x2E094ECB090,DXGI,0,0,0,Hardware Composed: Independent Flip,1909.3989,3.8927,3.8645,0.0282,11.6763,0.4822,0.4822,0.0000,15.7762,4.1656,0.1463,1909.3989,NA,NA,NA
Code.exe,14868,0x2E094ECB090,DXGI,0,0,0,Hardware Composed: Independent Flip,1913.2916,4.3439,4.3098,0.0341,11.9073,0.4425,0.4425,0.0000,16.0491,4.1881,-0.2729,1913.2916,NA,NA,NA
Code.exe,14868,0x2E094ECB090,DXGI,0,0,0,Hardware Composed: Independent Flip,1917.6355,4.1265,4.0993,0.0272,11.7247,0.4461,0.4461,0.0000,15.8933,4.1539,0.1558,1917.6355,NA,NA,NA
Code.exe,14868,0x2E094ECB090,DXGI,0,0,0,Hardware Composed: Independent Flip,1921.7620,3.9715,3.9505,0.0210,11.8058,0.4826,0.4826,0.0000,15.9207,4.1685,-0.0274,1921.7620,NA,NA,NA
Code.exe,14868,0x2E094ECB090,DXGI,0,0,0,Hardware Composed: Independent Flip,1925.7335,6.1347,6.1077,0.0270,11.9821,0.4843,0.4843,0.0000,16.1177,533.2058,-0.1970,1925.7335,NA,NA,NA
